,小市值100,沪深300,中证500,中证1000
2013-01-07,0.004919093851132681,0.00023327939590067626,-0.004269012944983941,
2013-02-04,0.0022087378640776693,0.0002346278317152395,-0.0014716828478963384,
2013-03-04,0.0036491505345502967,-0.0028829404915794443,-0.005927226376124861,
2013-04-02,0.00035280590886673305,-0.0008488376093862549,-0.0028125925513283745,
2013-05-03,0.0030268839684968116,-0.003318811016387313,-0.00584021022237724,
2013-06-04,0.003003240178209802,0.00010395571756449673,-0.0024835965978129426,
2013-07-02,0.0054840016200891,-0.00734845416497909,-0.011256784123126806,
2013-08-02,0.008502354643281713,-0.0017425208183855512,-0.005125793223327513,
2013-09-03,0.0029008454549814475,0.00036659212244527506,0.00332890820089371,
2013-10-09,0.005727604377786778,-0.003017760864820196,-0.0028293473854884565,
2013-11-04,0.004012971220105386,0.0012606404539928784,0.0008236724766922388,
2013-12-03,0.006457235508715031,-0.0010903931901095065,-0.00306566680178344,
2014-01-03,0.008542644594219054,-0.006051574461990672,-0.008430581077023769,
2014-02-10,0.004533603371563659,-0.004750823276796323,-0.007678764620260403,
2014-03-04,0.0037538922868166,-0.001702378661913917,-0.002043365771166483,
2014-04-02,0.005039745627980919,0.0026815050344460856,0.007586645468998454,
2014-05-06,0.007261526232114464,-0.0016149973502914694,-0.004423290937996871,
2014-06-04,0.006556041335453098,-0.000894276629570645,-0.002995230524642234,
2014-07-02,0.004885034628949441,-0.0020593323616687753,-0.005235954339315119,
2014-08-04,0.007711445541914504,0.0026930254554533573,0.0069355901231762385,
2014-09-02,0.0070696129186966945,-0.0018145573684231753,-0.005951360838663988,
2014-10-09,0.010445131597982445,-0.00086111578151149,-0.004463841761591536,
2014-11-04,0.006483940309552835,0.0003208513674811675,0.0005915587212818041,
2014-12-02,0.00962303018286887,0.0004268218803189505,-0.0017359528744527175,-0.003810199436170225
2015-01-06,0.005824293760894307,0.0004907194323194863,0.009619632978953185,-0.00568668510385667
2015-02-03,0.002343048943485696,-0.0006450687416749146,-0.008218159931801305,0.00548060865767469
2015-03-03,0.008994186549013215,-0.001089597642909057,-0.0033627626479683093,0.005610801337598004
2015-04-02,0.017664638477456866,-0.0016785154915718303,-0.004529023877456462,0.0019821842432447
2015-05-05,0.014650141834391457,-0.0018870374567082626,-0.0035277512020479573,-0.0008927864012025499
2015-06-02,0.038600402379371825,-0.003763885234387976,-0.014244051978215655,0.0009409974153664069
2015-07-02,-0.002402718225563094,-0.0008916352969088326,0.005939560077379391,0.0033995627164986053
2015-08-04,0.014049214996934498,-0.0006441884248803431,0.0111358110922265,-0.014612940663442542
2015-09-02,0.014206834532374098,0.0001414868105515943,-0.007602517985611512,-0.003036245702233431
2015-10-09,0.015253597122302166,-0.0022589928057554776,-0.01135791366906469,0.0115774248071423
2015-11-03,0.01856654676258994,-0.0015923261390887733,-0.0037000000000000366,-0.0028719193320043135
2015-12-02,0.023838129496402863,-0.00030335731414865563,-0.00902338129496405,-0.004815123804570831
2016-01-05,0.022459150628215373,-0.001976657247223179,-0.00784622199676166,0.0044816450927405715
2016-02-02,0.0006079984994575745,-0.0010577658139935275,-0.0024700629112550665,-0.006327046864954777
2016-03-02,0.013976041835166618,0.00012998844090383876,0.0026254225978646906,-0.0012317903072577852
2016-04-05,0.010094576592193118,0.0002976467535523719,-0.005977577683615842,0.0015653617858052415
2016-05-04,0.0030990599525383897,-0.0002584303085666484,-0.0017210932302681448,-0.0021492484613819807
2016-06-02,0.005382292635859265,-0.0013870202445360746,-0.004648580486676268,-0.0006947114713079516
2016-07-04,0.011552781447190241,-0.001655806914377389,-0.006589998076609427,-0.0017673796727282198
2016-08-02,0.00247040949901927,5.723526394929568e-05,0.008384846802580337,-0.0022243431819489734
2016-09-02,0.005093403680745071,-0.0003848161283419582,-0.0015424924187931177,-0.004320502674407534
2016-10-11,0.006359646090982628,-0.0013202435263957035,-0.00022917977392067357,-0.0027883191779086713
2016-11-02,0.0034604744676464266,-0.0002989580801676661,-0.0032707728759130417,-0.0037621570349209987
2016-12-02,0.0033188118507591104,0.0013690659126764926,0.002668602864343228,-0.0030408065273945795
2017-01-04,0.005991786744023123,-0.0006828596541257337,0.003127652233914202,0.0018654869345886005
2017-02-06,0.004181118159938501,-0.0007047741662692397,0.005613855566649062,0.003929282574600845
2017-03-02,-0.0010951294445494981,-0.0008118386784164988,0.0030924910658061133,0.000462369994231826
2017-04-06,0.006764631733980588,-0.0009928901151572411,0.00013842545958031582,0.0002771370977088794
2017-05-03,0.0046016380928802746,-0.0011853390981941825,0.001098211891057077,0.0011112693335136314
2017-06-02,0.010738833770698099,0.00022358802797084465,0.0028794235225512166,0.0036749918740152654
2017-07-04,0.006476492508741931,4.5755304087125026e-05,0.002247191435087448,0.005221442520561226
2017-08-02,0.007910135277706135,-0.0008113953167293575,0.002674006517712768,0.0015428556553302997
2017-09-04,0.006159800924805586,4.9532061834556274e-05,-0.00017485990696075593,0.0021436525120586136
2017-10-10,0.003640527723416463,0.0003078304167222212,0.00336162631820236,0.000847688093810417
2017-11-02,0.006640796995805873,-0.0016068645759659272,-0.0037630948342152193,-0.0031010886965867623
2017-12-04,0.00718070757501163,-0.0005989494790689109,0.0017340007833688276,0.002994774546764334
2018-01-03,0.0012831904291674377,-0.001331050390220967,-0.0015768277148447973,-0.002891633981577768
2018-02-02,0.005466635721720542,-0.001427645089600027,-0.0017054856949954011,-0.0031503179750520527
2018-03-02,0.0019191636224820188,-0.0015264589500119108,-0.001016168341600343,0.00222091934209645
2018-04-03,0.009226538334368192,-0.0009693279664039212,-0.003310700632216612,-0.000986184451604255
2018-05-03,0.004720813623577888,-0.0016589221827923994,-0.0029706391544264132,-0.003861925435848068
2018-06-04,0.009997121091918651,-0.0015103253575751152,-0.004813430910612371,-0.00625276582564771
2018-07-03,0.00852973593483804,-0.002248338400769434,-0.00584982398363787,-0.007523515195282826
2018-08-02,0.00566906550230099,-0.0007968182851956218,0.0014231418159507125,-0.0005414477072713808
2018-09-04,0.0013340044273988556,0.00016615291770905039,0.0009025507168272107,-0.0016773783287449273
2018-10-09,0.002456235603830126,1.1204521000229839e-05,1.633915326360036e-05,-0.0015141257738471303
2018-11-02,0.0065488919453922205,-0.0002428278202765144,-0.0026293789452043193,-0.0032154160466630888
2018-12-04,0.004030073892278611,0.0009252757546721613,-4.171700759625363e-05,0.005644880295406662
2019-01-03,0.0036630662630289003,-0.00029471030685535027,-0.003273656775744427,-0.002635221422749856
2019-02-11,0.003999276805733504,-0.0010556717782403968,-0.0050208696340470205,-0.00359878424168969
2019-03-04,0.005056347617389566,0.000440694845138645,0.001484533550537237,0.002226411606290557
2019-04-02,0.0061138897505258125,-0.0008568320416515451,-0.0006134291078229159,-0.0014588093587866169
2019-05-07,0.011080068555902833,-0.0008955991756673942,-0.002746157000094618,-0.004067247113759942
2019-06-04,0.013070547638240303,-0.0016648454377248267,-0.004790874786431365,-0.0044517027955917055
2019-07-02,0.0015943123368149688,4.571094471828019e-06,-0.0017255281575878634,0.0015620943488667827
2019-08-02,0.0107857337322141,-0.0011569315149010384,-0.005371839270343237,-0.007587384538169206
2019-09-03,0.005651466768661496,-0.001781791847529579,-0.0018479509120236104,-0.0015049330913542436
2019-10-09,0.004131577397429701,-2.7658100981931e-05,-0.0009045258442981208,-0.0026795968369425216
2019-11-04,0.006716997001360199,-0.00039577479917152214,-0.0018119155826146205,-0.0008734911625160047
2019-12-03,0.002537404470855608,0.0001103261275633427,0.0009162788777699049,-0.0004491634560195301
2020-01-03,0.0028821519642999484,-0.0003210861043756452,-0.002729682501735997,-0.0016976369893115795
2020-02-04,0.0020159236386584935,-0.002838288105541542,-0.007812441399206671,-0.007202825797308243
2020-03-03,0.0029307963077451933,-0.000970907330571813,-0.004867368529124283,0.0002332735193870672
2020-04-02,0.0037580753013270775,-0.0007816543895144967,0.002444033519712896,-0.0006993311218579379
2020-05-07,0.006225502904459584,-0.0018601065858232513,-0.00522197878850672,-0.0040834202414631315
2020-06-02,0.006769480304203459,-0.0010871517312323054,-0.003411298483069203,-0.00465503133440337
2020-07-02,0.003035152611435714,-0.001793544039658146,-0.004937771509364253,-0.0031112793384397985
2020-08-04,0.00614161329310535,-0.001372065899853836,-0.004520299564862884,-0.003030908441286728
2020-09-02,0.011194572825420822,0.0005808899988788419,0.003164239843823302,-0.0014201066937871154
2020-10-12,0.0012246381601919154,-3.751667262708036e-05,0.0009394275725177481,-0.0010419830834483834
2020-11-03,0.004457473635263456,-0.0004566625061881435,-0.0006081877926231716,-0.004734813211811684
2020-12-02,0.0032250034363905944,0.001123409926828467,0.0032328811401928226,0.0021980675831895224
2021-01-05,0.0007072039837654823,-0.002735508919268659,-0.006941301808966682,-0.0014501874592127706
2021-02-02,0.004183201533668822,-0.0011161700881326952,-0.0015384195153801405,-0.0021535473418178297
2021-03-02,0.0020690759895066572,0.001331095934750115,0.0036491344291580408,0.0019440372803902761
2021-04-02,0.00297247716624912,-0.00033007640794380233,0.001761454619963243,-0.003143878879307116
2021-05-07,0.006413865171655542,-0.0015844091382333225,0.0003107245917445267,-0.0020778453261929286
2021-06-02,0.004247259173304929,-0.0006625250567937613,-0.006231207633749847,-0.0026334408123176445
2021-07-02,-0.0008084248699877748,-0.0018232528446221474,-0.0031390303587104373,0.0008078761152393588
2021-08-03,0.0035665853805450995,-0.0024964164349896567,-0.005090709474459332,-0.0028265917806628016
2021-09-02,0.00651216146529662,-0.0022860955359435,-0.00029133855867913283,-0.004209875676509323
2021-10-11,0.002497051724261918,0.002281567257573447,0.00424277879837498,0.002327175527089387
2021-11-02,0.0018250963986532545,-0.0016054497214713637,-0.004055370843889405,-0.0027201566168519875
2021-12-02,0.0037010414729403,-0.00048234765358612375,-0.0038757144628356333,-0.0017228987402877483
2022-01-05,0.0056587370555434835,0.002993688326834776,0.00741249518811149,0.005603129056083067
2022-02-08,0.00523990695842886,-0.0008489773622705199,0.0031032224672230546,-0.00026954596962891486
2022-03-02,0.004759542204349522,-0.001477238294933736,-0.002492451300278309,-0.0012596939128382
