date,order_book_id,event,reason
2013-01-04,002057.XSHE,卖出,市值上涨
2013-01-04,002098.XSHE,卖出,市值上涨
2013-01-04,002319.XSHE,卖出,涨停
2013-01-04,002579.XSHE,卖出,市值上涨
2013-01-04,300018.XSHE,卖出,市值上涨
2013-01-04,300042.XSHE,卖出,市值上涨
2013-01-04,300092.XSHE,卖出,涨停
2013-01-04,300167.XSHE,卖出,市值上涨
2013-01-04,300213.XSHE,卖出,市值上涨
2013-01-04,300231.XSHE,卖出,市值上涨
2013-01-04,300281.XSHE,卖出,市值上涨
2013-01-04,300308.XSHE,卖出,市值上涨
2013-01-04,300330.XSHE,卖出,市值上涨
2013-01-04,300354.XSHE,卖出,市值上涨
2013-01-04,600984.XSHG,卖出,涨停
2013-02-01,000810.XSHE,卖出,停牌
2013-02-01,002076.XSHE,卖出,市值上涨
2013-02-01,002125.XSHE,卖出,市值上涨
2013-02-01,002143.XSHE,卖出,市值上涨
2013-02-01,002289.XSHE,卖出,涨停
2013-02-01,002402.XSHE,卖出,市值上涨
2013-02-01,002634.XSHE,卖出,市值上涨
2013-02-01,300056.XSHE,卖出,市值上涨
2013-02-01,300095.XSHE,卖出,市值上涨
2013-02-01,300141.XSHE,卖出,市值上涨
2013-02-01,300151.XSHE,卖出,涨停
2013-02-01,300227.XSHE,卖出,市值上涨
2013-02-01,300268.XSHE,卖出,涨停
2013-02-01,300280.XSHE,卖出,涨停
2013-02-01,300329.XSHE,卖出,市值上涨
2013-02-01,600241.XSHG,卖出,市值上涨
2013-02-01,600355.XSHG,卖出,市值上涨
2013-02-01,600593.XSHG,卖出,市值上涨
2013-02-01,600992.XSHG,卖出,市值上涨
2013-03-01,000638.XSHE,卖出,市值上涨
2013-03-01,002270.XSHE,卖出,市值上涨
2013-03-01,002473.XSHE,卖出,涨停
2013-03-01,002590.XSHE,卖出,市值上涨
2013-03-01,300038.XSHE,卖出,市值上涨
2013-03-01,300109.XSHE,卖出,涨停
2013-03-01,300167.XSHE,卖出,市值上涨
2013-03-01,300231.XSHE,卖出,市值上涨
2013-03-01,300232.XSHE,卖出,市值上涨
2013-03-01,300243.XSHE,卖出,涨停
2013-03-01,300248.XSHE,卖出,市值上涨
2013-03-01,300276.XSHE,卖出,市值上涨
2013-03-01,300290.XSHE,卖出,市值上涨
2013-03-01,300313.XSHE,卖出,市值上涨
2013-03-01,300327.XSHE,卖出,市值上涨
2013-03-01,600419.XSHG,卖出,停牌
2013-03-01,600661.XSHG,卖出,市值上涨
2013-04-01,000526.XSHE,卖出,停牌
2013-04-01,000615.XSHE,卖出,市值上涨
2013-04-01,002289.XSHE,卖出,市值上涨
2013-04-01,002615.XSHE,卖出,市值上涨
2013-04-01,300067.XSHE,卖出,市值上涨
2013-04-01,300121.XSHE,卖出,市值上涨
2013-04-01,300225.XSHE,卖出,市值上涨
2013-04-01,300236.XSHE,卖出,停牌
2013-04-01,300311.XSHE,卖出,市值上涨
2013-04-01,300329.XSHE,卖出,市值上涨
2013-04-01,600136.XSHG,卖出,市值上涨
2013-04-01,600647.XSHG,卖出,市值上涨
2013-04-01,600681.XSHG,卖出,市值上涨
2013-05-02,000004.XSHE,卖出,停牌
2013-05-02,002196.XSHE,卖出,市值上涨
2013-05-02,002260.XSHE,卖出,市值上涨
2013-05-02,300013.XSHE,卖出,市值上涨
2013-05-02,300018.XSHE,卖出,市值上涨
2013-05-02,300081.XSHE,卖出,市值上涨
2013-05-02,300085.XSHE,卖出,市值上涨
2013-05-02,300120.XSHE,卖出,市值上涨
2013-05-02,300268.XSHE,卖出,停牌
2013-05-02,300299.XSHE,卖出,市值上涨
2013-05-02,300302.XSHE,卖出,市值上涨
2013-05-02,300308.XSHE,卖出,市值上涨
2013-05-02,300317.XSHE,卖出,市值上涨
2013-05-02,600476.XSHG,卖出,市值上涨
2013-05-02,600566.XSHG,卖出,市值上涨
2013-06-03,000721.XSHE,卖出,市值上涨
2013-06-03,002057.XSHE,卖出,市值上涨
2013-06-03,002071.XSHE,卖出,停牌
2013-06-03,002175.XSHE,卖出,市值上涨
2013-06-03,002199.XSHE,卖出,市值上涨
2013-06-03,002579.XSHE,卖出,市值上涨
2013-06-03,300220.XSHE,卖出,市值上涨
2013-06-03,300226.XSHE,卖出,市值上涨
2013-06-03,300279.XSHE,卖出,停牌
2013-06-03,300282.XSHE,卖出,市值上涨
2013-06-03,300327.XSHE,卖出,市值上涨
2013-06-03,300330.XSHE,卖出,市值上涨
2013-06-03,300350.XSHE,卖出,市值上涨
2013-06-03,600455.XSHG,卖出,停牌
2013-06-03,600892.XSHG,卖出,涨停
2013-07-01,002098.XSHE,卖出,市值上涨
2013-07-01,002141.XSHE,卖出,市值上涨
2013-07-01,002280.XSHE,卖出,停牌
2013-07-01,002373.XSHE,卖出,停牌
2013-07-01,002402.XSHE,卖出,停牌
2013-07-01,002553.XSHE,卖出,市值上涨
2013-07-01,002599.XSHE,卖出,市值上涨
2013-07-01,300025.XSHE,卖出,市值上涨
2013-07-01,300097.XSHE,卖出,市值上涨
2013-07-01,300248.XSHE,卖出,市值上涨
2013-07-01,300250.XSHE,卖出,涨停
2013-07-01,300264.XSHE,卖出,市值上涨
2013-07-01,300286.XSHE,卖出,市值上涨
2013-07-01,300292.XSHE,卖出,停牌
2013-07-01,300308.XSHE,卖出,市值上涨
2013-07-01,300313.XSHE,卖出,市值上涨
2013-07-01,300319.XSHE,卖出,市值上涨
2013-07-01,600593.XSHG,卖出,市值上涨
2013-07-01,600753.XSHG,卖出,市值上涨
2013-07-01,600984.XSHG,卖出,市值上涨
2013-08-01,000586.XSHE,卖出,市值上涨
2013-08-01,000615.XSHE,卖出,市值上涨
2013-08-01,000721.XSHE,卖出,市值上涨
2013-08-01,002270.XSHE,卖出,市值上涨
2013-08-01,002579.XSHE,卖出,市值上涨
2013-08-01,002634.XSHE,卖出,涨停
2013-08-01,300065.XSHE,卖出,涨停
2013-08-01,300067.XSHE,卖出,市值上涨
2013-08-01,300184.XSHE,卖出,停牌
2013-08-01,300225.XSHE,卖出,市值上涨
2013-08-01,300235.XSHE,卖出,市值上涨
2013-08-01,300247.XSHE,卖出,停牌
2013-08-01,300277.XSHE,卖出,涨停
2013-08-01,300330.XSHE,卖出,涨停
2013-08-01,300341.XSHE,卖出,涨停
2013-08-01,300354.XSHE,卖出,涨停
2013-08-01,600136.XSHG,卖出,停牌
2013-08-01,600355.XSHG,卖出,停牌
2013-08-01,600485.XSHG,卖出,市值上涨
2013-08-01,600856.XSHG,卖出,市值上涨
2013-09-02,000502.XSHE,卖出,市值上涨
2013-09-02,000546.XSHE,卖出,停牌
2013-09-02,000567.XSHE,卖出,市值上涨
2013-09-02,000710.XSHE,卖出,市值上涨
2013-09-02,002027.XSHE,卖出,市值上涨
2013-09-02,002040.XSHE,卖出,市值上涨
2013-09-02,002141.XSHE,卖出,市值上涨
2013-09-02,002180.XSHE,卖出,停牌
2013-09-02,002196.XSHE,卖出,市值上涨
2013-09-02,002201.XSHE,卖出,停牌
2013-09-02,002455.XSHE,卖出,市值上涨
2013-09-02,300120.XSHE,卖出,市值上涨
2013-09-02,300151.XSHE,卖出,市值上涨
2013-09-02,300173.XSHE,卖出,停牌
2013-09-02,300242.XSHE,卖出,停牌
2013-09-02,300269.XSHE,卖出,市值上涨
2013-09-02,300292.XSHE,卖出,市值上涨
2013-09-02,600302.XSHG,卖出,市值上涨
2013-09-02,600689.XSHG,卖出,市值上涨
2013-10-08,000023.XSHE,卖出,停牌
2013-10-08,002057.XSHE,卖出,市值上涨
2013-10-08,002143.XSHE,卖出,涨停
2013-10-08,002199.XSHE,卖出,市值上涨
2013-10-08,002280.XSHE,卖出,市值上涨
2013-10-08,002354.XSHE,卖出,市值上涨
2013-10-08,002504.XSHE,卖出,停牌
2013-10-08,002599.XSHE,卖出,市值上涨
2013-10-08,002633.XSHE,卖出,停牌
2013-10-08,002634.XSHE,卖出,涨停
2013-10-08,300089.XSHE,卖出,市值上涨
2013-10-08,300121.XSHE,卖出,市值上涨
2013-10-08,300143.XSHE,卖出,市值上涨
2013-10-08,300247.XSHE,卖出,市值上涨
2013-10-08,300277.XSHE,卖出,市值上涨
2013-10-08,600355.XSHG,卖出,市值上涨
2013-10-08,600681.XSHG,卖出,市值上涨
2013-11-01,000033.XSHE,卖出,市值上涨
2013-11-01,000502.XSHE,卖出,市值上涨
2013-11-01,000586.XSHE,卖出,市值上涨
2013-11-01,000796.XSHE,卖出,停牌
2013-11-01,002053.XSHE,卖出,市值上涨
2013-11-01,002072.XSHE,卖出,市值上涨
2013-11-01,002667.XSHE,卖出,市值上涨
2013-11-01,300093.XSHE,卖出,市值上涨
2013-11-01,300221.XSHE,卖出,市值上涨
2013-11-01,300237.XSHE,卖出,市值上涨
2013-11-01,300249.XSHE,卖出,市值上涨
2013-11-01,300260.XSHE,卖出,市值上涨
2013-11-01,300319.XSHE,卖出,市值上涨
2013-11-01,300321.XSHE,卖出,涨停
2013-11-01,300341.XSHE,卖出,停牌
2013-11-01,600338.XSHG,卖出,市值上涨
2013-11-01,600452.XSHG,卖出,市值上涨
2013-11-01,600599.XSHG,卖出,市值上涨
2013-11-01,600898.XSHG,卖出,市值上涨
2013-12-02,002026.XSHE,卖出,市值上涨
2013-12-02,002125.XSHE,卖出,停牌
2013-12-02,002624.XSHE,卖出,市值上涨
2013-12-02,002669.XSHE,卖出,市值上涨
2013-12-02,300046.XSHE,卖出,市值上涨
2013-12-02,300065.XSHE,卖出,市值上涨
2013-12-02,300097.XSHE,卖出,市值上涨
2013-12-02,300108.XSHE,卖出,停牌
2013-12-02,300116.XSHE,卖出,停牌
2013-12-02,300120.XSHE,卖出,市值上涨
2013-12-02,300143.XSHE,卖出,停牌
2013-12-02,300163.XSHE,卖出,市值上涨
2013-12-02,300211.XSHE,卖出,市值上涨
2013-12-02,300247.XSHE,卖出,市值上涨
2013-12-02,300278.XSHE,卖出,停牌
2013-12-02,300281.XSHE,卖出,市值上涨
2013-12-02,300313.XSHE,卖出,市值上涨
2013-12-02,300338.XSHE,卖出,市值上涨
2013-12-02,300344.XSHE,卖出,市值上涨
2013-12-02,300354.XSHE,卖出,市值上涨
2013-12-02,600719.XSHG,卖出,市值上涨
2014-01-02,002076.XSHE,卖出,市值上涨
2014-01-02,002098.XSHE,卖出,市值上涨
2014-01-02,002112.XSHE,卖出,市值上涨
2014-01-02,002180.XSHE,卖出,停牌
2014-01-02,002189.XSHE,卖出,市值上涨
2014-01-02,002270.XSHE,卖出,涨停
2014-01-02,002295.XSHE,卖出,停牌
2014-01-02,002347.XSHE,卖出,市值上涨
2014-01-02,002455.XSHE,卖出,市值上涨
2014-01-02,002627.XSHE,卖出,市值上涨
2014-01-02,002634.XSHE,卖出,市值上涨
2014-01-02,300013.XSHE,卖出,市值上涨
2014-01-02,300018.XSHE,卖出,市值上涨
2014-01-02,300062.XSHE,卖出,停牌
2014-01-02,300087.XSHE,卖出,停牌
2014-01-02,300089.XSHE,卖出,市值上涨
2014-01-02,300095.XSHE,卖出,市值上涨
2014-01-02,300230.XSHE,卖出,市值上涨
2014-01-02,300264.XSHE,卖出,市值上涨
2014-01-02,300276.XSHE,卖出,市值上涨
2014-01-02,300277.XSHE,卖出,市值上涨
2014-01-02,300279.XSHE,卖出,涨停
2014-01-02,300308.XSHE,卖出,市值上涨
2014-01-02,600338.XSHG,卖出,市值上涨
2014-01-02,600992.XSHG,卖出,市值上涨
2014-02-07,000611.XSHE,卖出,市值上涨
2014-02-07,000615.XSHE,卖出,市值上涨
2014-02-07,002103.XSHE,卖出,市值上涨
2014-02-07,002120.XSHE,卖出,市值上涨
2014-02-07,002141.XSHE,卖出,市值上涨
2014-02-07,002188.XSHE,卖出,市值上涨
2014-02-07,002209.XSHE,卖出,市值上涨
2014-02-07,002517.XSHE,卖出,停牌
2014-02-07,002633.XSHE,卖出,停牌
2014-02-07,300023.XSHE,卖出,涨停
2014-02-07,300069.XSHE,卖出,市值上涨
2014-02-07,300109.XSHE,卖出,市值上涨
2014-02-07,300184.XSHE,卖出,市值上涨
2014-02-07,300192.XSHE,卖出,市值上涨
2014-02-07,300280.XSHE,卖出,市值上涨
2014-02-07,600071.XSHG,卖出,市值上涨
2014-02-07,600452.XSHG,卖出,市值上涨
2014-02-07,600455.XSHG,卖出,停牌
2014-02-07,600506.XSHG,卖出,停牌
2014-02-07,600647.XSHG,卖出,市值上涨
2014-02-07,600656.XSHG,卖出,停牌
2014-02-07,600758.XSHG,卖出,停牌
2014-03-03,000033.XSHE,卖出,市值上涨
2014-03-03,002040.XSHE,卖出,市值上涨
2014-03-03,002057.XSHE,卖出,市值上涨
2014-03-03,002098.XSHE,卖出,市值上涨
2014-03-03,002105.XSHE,卖出,市值上涨
2014-03-03,002113.XSHE,卖出,停牌
2014-03-03,002147.XSHE,卖出,市值上涨
2014-03-03,002427.XSHE,卖出,市值上涨
2014-03-03,002576.XSHE,卖出,市值上涨
2014-03-03,002625.XSHE,卖出,市值上涨
2014-03-03,600070.XSHG,卖出,市值上涨
2014-03-03,600152.XSHG,卖出,市值上涨
2014-03-03,600213.XSHG,卖出,市值上涨
2014-03-03,600242.XSHG,卖出,市值上涨
2014-03-03,600355.XSHG,卖出,市值上涨
2014-03-03,600370.XSHG,卖出,市值上涨
2014-03-03,600393.XSHG,卖出,市值上涨
2014-03-03,600448.XSHG,卖出,市值上涨
2014-03-03,600689.XSHG,卖出,市值上涨
2014-04-01,000502.XSHE,卖出,停牌
2014-04-01,000611.XSHE,卖出,市值上涨
2014-04-01,000615.XSHE,卖出,市值上涨
2014-04-01,000638.XSHE,卖出,市值上涨
2014-04-01,000785.XSHE,卖出,市值上涨
2014-04-01,000856.XSHE,卖出,市值上涨
2014-04-01,000923.XSHE,卖出,市值上涨
2014-04-01,000995.XSHE,卖出,市值上涨
2014-04-01,002015.XSHE,卖出,戴帽
2014-04-01,002141.XSHE,卖出,停牌
2014-04-01,002201.XSHE,卖出,市值上涨
2014-04-01,002347.XSHE,卖出,市值上涨
2014-04-01,002366.XSHE,卖出,停牌
2014-04-01,002569.XSHE,卖出,市值上涨
2014-04-01,300163.XSHE,卖出,停牌
2014-04-01,300184.XSHE,卖出,市值上涨
2014-04-01,300221.XSHE,卖出,市值上涨
2014-04-01,600250.XSHG,卖出,市值上涨
2014-04-01,600302.XSHG,卖出,市值上涨
2014-04-01,600306.XSHG,卖出,停牌
2014-04-01,600520.XSHG,卖出,涨停
2014-04-01,600681.XSHG,卖出,停牌
2014-04-01,600753.XSHG,卖出,停牌
2014-05-05,000420.XSHE,卖出,市值上涨
2014-05-05,000560.XSHE,卖出,停牌
2014-05-05,000711.XSHE,卖出,停牌
2014-05-05,000821.XSHE,卖出,停牌
2014-05-05,000971.XSHE,卖出,市值上涨
2014-05-05,000985.XSHE,卖出,市值上涨
2014-05-05,002036.XSHE,卖出,市值上涨
2014-05-05,002053.XSHE,卖出,市值上涨
2014-05-05,002057.XSHE,卖出,市值上涨
2014-05-05,002295.XSHE,卖出,市值上涨
2014-05-05,002455.XSHE,卖出,市值上涨
2014-05-05,002576.XSHE,卖出,市值上涨
2014-05-05,002627.XSHE,卖出,市值上涨
2014-05-05,300013.XSHE,卖出,市值上涨
2014-05-05,300243.XSHE,卖出,市值上涨
2014-05-05,300345.XSHE,卖出,市值上涨
2014-05-05,600136.XSHG,卖出,停牌
2014-05-05,600148.XSHG,卖出,市值上涨
2014-05-05,600152.XSHG,卖出,市值上涨
2014-05-05,600247.XSHG,卖出,戴帽
2014-05-05,600419.XSHG,卖出,市值上涨
2014-05-05,600421.XSHG,卖出,市值上涨
2014-05-05,600493.XSHG,卖出,市值上涨
2014-05-05,600689.XSHG,卖出,戴帽
2014-05-05,600715.XSHG,卖出,市值上涨
2014-06-03,002270.XSHE,卖出,市值上涨
2014-06-03,002374.XSHE,卖出,停牌
2014-06-03,002625.XSHE,卖出,停牌
2014-06-03,300018.XSHE,卖出,市值上涨
2014-06-03,300062.XSHE,卖出,市值上涨
2014-06-03,300109.XSHE,卖出,市值上涨
2014-06-03,300173.XSHE,卖出,停牌
2014-06-03,300220.XSHE,卖出,市值上涨
2014-06-03,300221.XSHE,卖出,市值上涨
2014-06-03,300280.XSHE,卖出,市值上涨
2014-06-03,300281.XSHE,卖出,市值上涨
2014-06-03,300282.XSHE,卖出,市值上涨
2014-06-03,300313.XSHE,卖出,市值上涨
2014-06-03,600538.XSHG,卖出,市值上涨
2014-06-03,600605.XSHG,卖出,停牌
2014-06-03,600883.XSHG,卖出,市值上涨
2014-06-03,600986.XSHG,卖出,市值上涨
2014-07-01,000408.XSHE,卖出,停牌
2014-07-01,000710.XSHE,卖出,停牌
2014-07-01,000815.XSHE,卖出,停牌
2014-07-01,002319.XSHE,卖出,停牌
2014-07-01,002352.XSHE,卖出,市值上涨
2014-07-01,002634.XSHE,卖出,市值上涨
2014-07-01,300061.XSHE,卖出,市值上涨
2014-07-01,300081.XSHE,卖出,市值上涨
2014-07-01,300087.XSHE,卖出,停牌
2014-07-01,300095.XSHE,卖出,市值上涨
2014-07-01,300153.XSHE,卖出,涨停
2014-07-01,300242.XSHE,卖出,停牌
2014-07-01,300260.XSHE,卖出,市值上涨
2014-07-01,300319.XSHE,卖出,市值上涨
2014-07-01,300329.XSHE,卖出,市值上涨
2014-07-01,600070.XSHG,卖出,停牌
2014-07-01,600243.XSHG,卖出,停牌
2014-07-01,600319.XSHG,卖出,停牌
2014-07-01,600338.XSHG,卖出,市值上涨
2014-07-01,600603.XSHG,卖出,停牌
2014-08-01,000420.XSHE,卖出,市值上涨
2014-08-01,000595.XSHE,卖出,市值上涨
2014-08-01,000611.XSHE,卖出,市值上涨
2014-08-01,000723.XSHE,卖出,市值上涨
2014-08-01,002066.XSHE,卖出,市值上涨
2014-08-01,002098.XSHE,卖出,市值上涨
2014-08-01,002112.XSHE,卖出,停牌
2014-08-01,002141.XSHE,卖出,市值上涨
2014-08-01,002395.XSHE,卖出,市值上涨
2014-08-01,002682.XSHE,卖出,市值上涨
2014-08-01,300023.XSHE,卖出,停牌
2014-08-01,300283.XSHE,卖出,市值上涨
2014-08-01,300344.XSHE,卖出,市值上涨
2014-08-01,600148.XSHG,卖出,市值上涨
2014-08-01,600213.XSHG,卖出,市值上涨
2014-08-01,600302.XSHG,卖出,市值上涨
2014-08-01,600365.XSHG,卖出,市值上涨
2014-08-01,600419.XSHG,卖出,停牌
2014-08-01,600421.XSHG,卖出,停牌
2014-08-01,600452.XSHG,卖出,市值上涨
2014-08-01,600520.XSHG,卖出,市值上涨
2014-08-01,600853.XSHG,卖出,市值上涨
2014-08-01,600986.XSHG,卖出,市值上涨
2014-09-01,000023.XSHE,卖出,停牌
2014-09-01,000526.XSHE,卖出,停牌
2014-09-01,000586.XSHE,卖出,停牌
2014-09-01,000702.XSHE,卖出,市值上涨
2014-09-01,000710.XSHE,卖出,市值上涨
2014-09-01,000890.XSHE,卖出,市值上涨
2014-09-01,002119.XSHE,卖出,市值上涨
2014-09-01,002319.XSHE,卖出,市值上涨
2014-09-01,002435.XSHE,卖出,市值上涨
2014-09-01,300029.XSHE,卖出,市值上涨
2014-09-01,300063.XSHE,卖出,涨停
2014-09-01,300163.XSHE,卖出,市值上涨
2014-09-01,300230.XSHE,卖出,停牌
2014-09-01,300243.XSHE,卖出,停牌
2014-09-01,300277.XSHE,卖出,市值上涨
2014-09-01,300340.XSHE,卖出,涨停
2014-09-01,600083.XSHG,卖出,市值上涨
2014-09-01,600241.XSHG,卖出,停牌
2014-09-01,600243.XSHG,卖出,市值上涨
2014-09-01,600250.XSHG,卖出,市值上涨
2014-09-01,600423.XSHG,卖出,市值上涨
2014-09-01,600455.XSHG,卖出,停牌
2014-09-01,600493.XSHG,卖出,市值上涨
2014-09-01,600605.XSHG,卖出,市值上涨
2014-10-08,000420.XSHE,卖出,市值上涨
2014-10-08,000565.XSHE,卖出,市值上涨
2014-10-08,000676.XSHE,卖出,市值上涨
2014-10-08,000796.XSHE,卖出,停牌
2014-10-08,000836.XSHE,卖出,市值上涨
2014-10-08,000985.XSHE,卖出,市值上涨
2014-10-08,000995.XSHE,卖出,市值上涨
2014-10-08,002044.XSHE,卖出,停牌
2014-10-08,002136.XSHE,卖出,市值上涨
2014-10-08,002193.XSHE,卖出,市值上涨
2014-10-08,002270.XSHE,卖出,停牌
2014-10-08,002667.XSHE,卖出,停牌
2014-10-08,300095.XSHE,卖出,市值上涨
2014-10-08,300138.XSHE,卖出,停牌
2014-10-08,300280.XSHE,卖出,停牌
2014-10-08,300282.XSHE,卖出,市值上涨
2014-10-08,300308.XSHE,卖出,涨停
2014-10-08,300354.XSHE,卖出,市值上涨
2014-10-08,600099.XSHG,卖出,市值上涨
2014-10-08,600242.XSHG,卖出,市值上涨
2014-10-08,600302.XSHG,卖出,市值上涨
2014-10-08,600753.XSHG,卖出,停牌
2014-10-08,600796.XSHG,卖出,市值上涨
2014-10-08,600892.XSHG,卖出,停牌
2014-10-08,600898.XSHG,卖出,市值上涨
2014-11-03,000626.XSHE,卖出,市值上涨
2014-11-03,000890.XSHE,卖出,市值上涨
2014-11-03,002036.XSHE,卖出,市值上涨
2014-11-03,002057.XSHE,卖出,市值上涨
2014-11-03,002072.XSHE,卖出,市值上涨
2014-11-03,002077.XSHE,卖出,市值上涨
2014-11-03,002098.XSHE,卖出,市值上涨
2014-11-03,002201.XSHE,卖出,市值上涨
2014-11-03,002319.XSHE,卖出,市值上涨
2014-11-03,002323.XSHE,卖出,停牌
2014-11-03,002504.XSHE,卖出,市值上涨
2014-11-03,002558.XSHE,卖出,停牌
2014-11-03,002625.XSHE,卖出,市值上涨
2014-11-03,300018.XSHE,卖出,市值上涨
2014-11-03,300062.XSHE,卖出,市值上涨
2014-11-03,300283.XSHE,卖出,市值上涨
2014-11-03,300313.XSHE,卖出,停牌
2014-11-03,300391.XSHE,卖出,市值上涨
2014-11-03,600083.XSHG,卖出,市值上涨
2014-11-03,600250.XSHG,卖出,市值上涨
2014-11-03,600365.XSHG,卖出,停牌
2014-11-03,600984.XSHG,卖出,停牌
2014-12-01,000565.XSHE,卖出,市值上涨
2014-12-01,000628.XSHE,卖出,市值上涨
2014-12-01,000638.XSHE,卖出,市值上涨
2014-12-01,000676.XSHE,卖出,停牌
2014-12-01,000702.XSHE,卖出,市值上涨
2014-12-01,000711.XSHE,卖出,市值上涨
2014-12-01,000836.XSHE,卖出,市值上涨
2014-12-01,000923.XSHE,卖出,市值上涨
2014-12-01,000953.XSHE,卖出,市值上涨
2014-12-01,000971.XSHE,卖出,市值上涨
2014-12-01,000995.XSHE,卖出,市值上涨
2014-12-01,002112.XSHE,卖出,市值上涨
2014-12-01,002517.XSHE,卖出,市值上涨
2014-12-01,002580.XSHE,卖出,市值上涨
2014-12-01,300143.XSHE,卖出,停牌
2014-12-01,300249.XSHE,卖出,市值上涨
2014-12-01,300308.XSHE,卖出,市值上涨
2014-12-01,300321.XSHE,卖出,市值上涨
2014-12-01,600136.XSHG,卖出,停牌
2014-12-01,600242.XSHG,卖出,停牌
2014-12-01,600302.XSHG,卖出,市值上涨
2014-12-01,600393.XSHG,卖出,市值上涨
2014-12-01,600452.XSHG,卖出,市值上涨
2014-12-01,600681.XSHG,卖出,停牌
2014-12-01,600774.XSHG,卖出,市值上涨
2014-12-01,600853.XSHG,卖出,市值上涨
2014-12-01,600883.XSHG,卖出,市值上涨
2014-12-01,600975.XSHG,卖出,市值上涨
2015-01-05,000420.XSHE,卖出,市值上涨
2015-01-05,000546.XSHE,卖出,市值上涨
2015-01-05,000610.XSHE,卖出,市值上涨
2015-01-05,000626.XSHE,卖出,市值上涨
2015-01-05,000668.XSHE,卖出,停牌
2015-01-05,000723.XSHE,卖出,涨停
2015-01-05,000785.XSHE,卖出,市值上涨
2015-01-05,002036.XSHE,卖出,市值上涨
2015-01-05,002098.XSHE,卖出,停牌
2015-01-05,002109.XSHE,卖出,市值上涨
2015-01-05,002136.XSHE,卖出,市值上涨
2015-01-05,002188.XSHE,卖出,停牌
2015-01-05,002213.XSHE,卖出,市值上涨
2015-01-05,002319.XSHE,卖出,市值上涨
2015-01-05,002374.XSHE,卖出,市值上涨
2015-01-05,002553.XSHE,卖出,停牌
2015-01-05,002634.XSHE,卖出,市值上涨
2015-01-05,002696.XSHE,卖出,市值上涨
2015-01-05,300040.XSHE,卖出,市值上涨
2015-01-05,300106.XSHE,卖出,市值上涨
2015-01-05,600338.XSHG,卖出,市值上涨
2015-01-05,600356.XSHG,卖出,市值上涨
2015-01-05,600370.XSHG,卖出,市值上涨
2015-01-05,600423.XSHG,卖出,停牌
2015-01-05,600647.XSHG,卖出,市值上涨
2015-01-05,600656.XSHG,卖出,停牌
2015-01-05,600727.XSHG,卖出,市值上涨
2015-01-05,600796.XSHG,卖出,市值上涨
2015-02-02,002113.XSHE,卖出,停牌
2015-02-02,002193.XSHE,卖出,停牌
2015-02-02,002205.XSHE,卖出,市值上涨
2015-02-02,002295.XSHE,卖出,市值上涨
2015-02-02,002599.XSHE,卖出,市值上涨
2015-02-02,300061.XSHE,卖出,停牌
2015-02-02,300089.XSHE,卖出,市值上涨
2015-02-02,300116.XSHE,卖出,市值上涨
2015-02-02,300218.XSHE,卖出,市值上涨
2015-02-02,300249.XSHE,卖出,市值上涨
2015-02-02,300264.XSHE,卖出,市值上涨
2015-02-02,300281.XSHE,卖出,市值上涨
2015-02-02,300308.XSHE,卖出,市值上涨
2015-02-02,300327.XSHE,卖出,市值上涨
2015-02-02,300329.XSHE,卖出,市值上涨
2015-02-02,300338.XSHE,卖出,市值上涨
2015-02-02,300354.XSHE,卖出,市值上涨
2015-02-02,600355.XSHG,卖出,市值上涨
2015-02-02,600493.XSHG,卖出,市值上涨
2015-02-02,600671.XSHG,卖出,停牌
2015-03-02,000502.XSHE,卖出,停牌
2015-03-02,000526.XSHE,卖出,停牌
2015-03-02,000595.XSHE,卖出,市值上涨
2015-03-02,000610.XSHE,卖出,市值上涨
2015-03-02,000838.XSHE,卖出,市值上涨
2015-03-02,002034.XSHE,卖出,停牌
2015-03-02,002076.XSHE,卖出,涨停
2015-03-02,002735.XSHE,卖出,市值上涨
2015-03-02,300013.XSHE,卖出,涨停
2015-03-02,300035.XSHE,卖出,市值上涨
2015-03-02,300095.XSHE,卖出,停牌
2015-03-02,300153.XSHE,卖出,市值上涨
2015-03-02,300160.XSHE,卖出,市值上涨
2015-03-02,300174.XSHE,卖出,停牌
2015-03-02,300243.XSHE,卖出,停牌
2015-03-02,300330.XSHE,卖出,市值上涨
2015-03-02,600136.XSHG,卖出,市值上涨
2015-03-02,600681.XSHG,卖出,市值上涨
2015-04-01,000038.XSHE,卖出,停牌
2015-04-01,000710.XSHE,卖出,市值上涨
2015-04-01,000923.XSHE,卖出,市值上涨
2015-04-01,002124.XSHE,卖出,市值上涨
2015-04-01,002125.XSHE,卖出,停牌
2015-04-01,002150.XSHE,卖出,市值上涨
2015-04-01,002395.XSHE,卖出,市值上涨
2015-04-01,002435.XSHE,卖出,市值上涨
2015-04-01,002529.XSHE,卖出,停牌
2015-04-01,002580.XSHE,卖出,市值上涨
2015-04-01,300040.XSHE,卖出,停牌
2015-04-01,300069.XSHE,卖出,停牌
2015-04-01,300092.XSHE,卖出,市值上涨
2015-04-01,300117.XSHE,卖出,市值上涨
2015-04-01,300240.XSHE,卖出,涨停
2015-04-01,300308.XSHE,卖出,停牌
2015-04-01,300344.XSHE,卖出,涨停
2015-04-01,300412.XSHE,卖出,市值上涨
2015-04-01,600233.XSHG,卖出,市值上涨
2015-04-01,600242.XSHG,卖出,市值上涨
2015-04-01,600719.XSHG,卖出,停牌
2015-04-01,600721.XSHG,卖出,市值上涨
2015-04-01,600734.XSHG,卖出,市值上涨
2015-04-01,600883.XSHG,卖出,市值上涨
2015-04-01,603601.XSHG,卖出,市值上涨
2015-05-04,000567.XSHE,卖出,市值上涨
2015-05-04,000586.XSHE,卖出,停牌
2015-05-04,000615.XSHE,卖出,市值上涨
2015-05-04,000628.XSHE,卖出,市值上涨
2015-05-04,000638.XSHE,卖出,市值上涨
2015-05-04,000668.XSHE,卖出,市值上涨
2015-05-04,000803.XSHE,卖出,市值上涨
2015-05-04,002112.XSHE,卖出,市值上涨
2015-05-04,002201.XSHE,卖出,市值上涨
2015-05-04,002295.XSHE,卖出,市值上涨
2015-05-04,002620.XSHE,卖出,市值上涨
2015-05-04,002629.XSHE,卖出,市值上涨
2015-05-04,002667.XSHE,卖出,停牌
2015-05-04,300023.XSHE,卖出,涨停
2015-05-04,300042.XSHE,卖出,市值上涨
2015-05-04,300046.XSHE,卖出,市值上涨
2015-05-04,300143.XSHE,卖出,停牌
2015-05-04,300163.XSHE,卖出,市值上涨
2015-05-04,300218.XSHE,卖出,市值上涨
2015-05-04,300277.XSHE,卖出,市值上涨
2015-05-04,300340.XSHE,卖出,市值上涨
2015-05-04,600099.XSHG,卖出,停牌
2015-05-04,600137.XSHG,卖出,涨停
2015-05-04,600152.XSHG,卖出,市值上涨
2015-05-04,600302.XSHG,卖出,市值上涨
2015-05-04,600319.XSHG,卖出,停牌
2015-05-04,600444.XSHG,卖出,戴帽
2015-05-04,600520.XSHG,卖出,市值上涨
2015-05-04,600539.XSHG,卖出,戴帽
2015-05-04,600727.XSHG,卖出,市值上涨
2015-05-04,600753.XSHG,卖出,市值上涨
2015-05-04,603088.XSHG,卖出,市值上涨
2015-05-04,603600.XSHG,卖出,涨停
2015-06-01,000691.XSHE,卖出,停牌
2015-06-01,000723.XSHE,卖出,涨停
2015-06-01,000838.XSHE,卖出,市值上涨
2015-06-01,002109.XSHE,卖出,停牌
2015-06-01,002193.XSHE,卖出,涨停
2015-06-01,002209.XSHE,卖出,市值上涨
2015-06-01,002352.XSHE,卖出,涨停
2015-06-01,002365.XSHE,卖出,市值上涨
2015-06-01,002435.XSHE,卖出,停牌
2015-06-01,002536.XSHE,卖出,涨停
2015-06-01,002615.XSHE,卖出,市值上涨
2015-06-01,002634.XSHE,卖出,市值上涨
2015-06-01,002682.XSHE,卖出,涨停
2015-06-01,002696.XSHE,卖出,涨停
2015-06-01,002715.XSHE,卖出,市值上涨
2015-06-01,002723.XSHE,卖出,市值上涨
2015-06-01,002729.XSHE,卖出,市值上涨
2015-06-01,002734.XSHE,卖出,市值上涨
2015-06-01,300061.XSHE,卖出,涨停
2015-06-01,300087.XSHE,卖出,停牌
2015-06-01,300120.XSHE,卖出,涨停
2015-06-01,300138.XSHE,卖出,涨停
2015-06-01,300160.XSHE,卖出,涨停
2015-06-01,300174.XSHE,卖出,市值上涨
2015-06-01,300211.XSHE,卖出,市值上涨
2015-06-01,300247.XSHE,卖出,市值上涨
2015-06-01,300280.XSHE,卖出,市值上涨
2015-06-01,300327.XSHE,卖出,市值上涨
2015-06-01,300345.XSHE,卖出,市值上涨
2015-06-01,300371.XSHE,卖出,市值上涨
2015-06-01,300372.XSHE,卖出,市值上涨
2015-06-01,300391.XSHE,卖出,市值上涨
2015-06-01,300410.XSHE,卖出,市值上涨
2015-06-01,300417.XSHE,卖出,市值上涨
2015-06-01,300420.XSHE,卖出,停牌
2015-06-01,300421.XSHE,卖出,停牌
2015-06-01,300423.XSHE,卖出,市值上涨
2015-06-01,600234.XSHG,卖出,涨停
2015-06-01,600241.XSHG,卖出,涨停
2015-06-01,600338.XSHG,卖出,市值上涨
2015-06-01,600365.XSHG,卖出,市值上涨
2015-06-01,600573.XSHG,卖出,涨停
2015-06-01,600883.XSHG,卖出,市值上涨
2015-06-01,600898.XSHG,卖出,市值上涨
2015-06-01,603009.XSHG,卖出,市值上涨
2015-06-01,603519.XSHG,卖出,市值上涨
2015-06-01,603601.XSHG,卖出,市值上涨
2015-07-01,000430.XSHE,卖出,市值上涨
2015-07-01,000567.XSHE,卖出,停牌
2015-07-01,000613.XSHE,卖出,市值上涨
2015-07-01,000615.XSHE,卖出,市值上涨
2015-07-01,000707.XSHE,卖出,停牌
2015-07-01,000785.XSHE,卖出,市值上涨
2015-07-01,000929.XSHE,卖出,市值上涨
2015-07-01,002040.XSHE,卖出,市值上涨
2015-07-01,002066.XSHE,卖出,市值上涨
2015-07-01,002088.XSHE,卖出,市值上涨
2015-07-01,002105.XSHE,卖出,市值上涨
2015-07-01,002141.XSHE,卖出,市值上涨
2015-07-01,002234.XSHE,卖出,市值上涨
2015-07-01,002492.XSHE,卖出,市值上涨
2015-07-01,002530.XSHE,卖出,停牌
2015-07-01,002591.XSHE,卖出,停牌
2015-07-01,002627.XSHE,卖出,市值上涨
2015-07-01,002652.XSHE,卖出,市值上涨
2015-07-01,002691.XSHE,卖出,市值上涨
2015-07-01,300023.XSHE,卖出,市值上涨
2015-07-01,300099.XSHE,卖出,停牌
2015-07-01,300106.XSHE,卖出,市值上涨
2015-07-01,300141.XSHE,卖出,市值上涨
2015-07-01,300230.XSHE,卖出,市值上涨
2015-07-01,300283.XSHE,卖出,市值上涨
2015-07-01,300313.XSHE,卖出,市值上涨
2015-07-01,300319.XSHE,卖出,市值上涨
2015-07-01,300321.XSHE,卖出,市值上涨
2015-07-01,600101.XSHG,卖出,市值上涨
2015-07-01,600230.XSHG,卖出,市值上涨
2015-07-01,600393.XSHG,卖出,市值上涨
2015-07-01,600452.XSHG,卖出,市值上涨
2015-07-01,600493.XSHG,卖出,市值上涨
2015-07-01,600714.XSHG,卖出,市值上涨
2015-07-01,600727.XSHG,卖出,市值上涨
2015-07-01,600731.XSHG,卖出,市值上涨
2015-07-01,600746.XSHG,卖出,市值上涨
2015-07-01,600802.XSHG,卖出,市值上涨
2015-07-01,600847.XSHG,卖出,市值上涨
2015-07-01,600892.XSHG,卖出,市值上涨
2015-07-01,600985.XSHG,卖出,市值上涨
2015-07-01,600992.XSHG,卖出,市值上涨
2015-08-03,000663.XSHE,卖出,市值上涨
2015-08-03,000856.XSHE,卖出,涨停
2015-08-03,000985.XSHE,卖出,市值上涨
2015-08-03,002072.XSHE,卖出,停牌
2015-08-03,002082.XSHE,卖出,市值上涨
2015-08-03,002112.XSHE,卖出,停牌
2015-08-03,002113.XSHE,卖出,市值上涨
2015-08-03,002270.XSHE,卖出,停牌
2015-08-03,002323.XSHE,卖出,市值上涨
2015-08-03,002395.XSHE,卖出,停牌
2015-08-03,002435.XSHE,卖出,停牌
2015-08-03,002560.XSHE,卖出,停牌
2015-08-03,002723.XSHE,卖出,市值上涨
2015-08-03,002725.XSHE,卖出,市值上涨
2015-08-03,002735.XSHE,卖出,市值上涨
2015-08-03,300042.XSHE,卖出,市值上涨
2015-08-03,300062.XSHE,卖出,停牌
2015-08-03,300095.XSHE,卖出,市值上涨
2015-08-03,300243.XSHE,卖出,市值上涨
2015-08-03,300280.XSHE,卖出,停牌
2015-08-03,300305.XSHE,卖出,市值上涨
2015-08-03,300327.XSHE,卖出,市值上涨
2015-08-03,300371.XSHE,卖出,市值上涨
2015-08-03,300391.XSHE,卖出,市值上涨
2015-08-03,300423.XSHE,卖出,市值上涨
2015-08-03,300461.XSHE,卖出,市值上涨
2015-08-03,300466.XSHE,卖出,停牌
2015-08-03,600148.XSHG,卖出,市值上涨
2015-08-03,600356.XSHG,卖出,停牌
2015-08-03,600385.XSHG,卖出,市值上涨
2015-08-03,600421.XSHG,卖出,市值上涨
2015-08-03,600593.XSHG,卖出,停牌
2015-08-03,600671.XSHG,卖出,市值上涨
2015-08-03,600749.XSHG,卖出,市值上涨
2015-08-03,600766.XSHG,卖出,市值上涨
2015-08-03,603022.XSHG,卖出,市值上涨
2015-08-03,603088.XSHG,卖出,市值上涨
2015-08-03,603268.XSHG,卖出,市值上涨
2015-09-01,000004.XSHE,卖出,市值上涨
2015-09-01,000023.XSHE,卖出,停牌
2015-09-01,000593.XSHE,卖出,市值上涨
2015-09-01,000702.XSHE,卖出,市值上涨
2015-09-01,000710.XSHE,卖出,市值上涨
2015-09-01,000779.XSHE,卖出,市值上涨
2015-09-01,000953.XSHE,卖出,市值上涨
2015-09-01,002058.XSHE,卖出,市值上涨
2015-09-01,002088.XSHE,卖出,市值上涨
2015-09-01,002125.XSHE,卖出,市值上涨
2015-09-01,002213.XSHE,卖出,市值上涨
2015-09-01,002607.XSHE,卖出,市值上涨
2015-09-01,002637.XSHE,卖出,市值上涨
2015-09-01,002645.XSHE,卖出,停牌
2015-09-01,300117.XSHE,卖出,市值上涨
2015-09-01,300120.XSHE,卖出,市值上涨
2015-09-01,300138.XSHE,卖出,市值上涨
2015-09-01,300313.XSHE,卖出,市值上涨
2015-09-01,300321.XSHE,卖出,市值上涨
2015-09-01,300417.XSHE,卖出,市值上涨
2015-09-01,600083.XSHG,卖出,市值上涨
2015-09-01,600095.XSHG,卖出,停牌
2015-09-01,600228.XSHG,卖出,市值上涨
2015-09-01,600230.XSHG,卖出,市值上涨
2015-09-01,600235.XSHG,卖出,市值上涨
2015-09-01,600243.XSHG,卖出,停牌
2015-09-01,600250.XSHG,卖出,市值上涨
2015-09-01,600272.XSHG,卖出,市值上涨
2015-09-01,600367.XSHG,卖出,市值上涨
2015-09-01,600393.XSHG,卖出,停牌
2015-09-01,600455.XSHG,卖出,市值上涨
2015-09-01,600603.XSHG,卖出,停牌
2015-09-01,600615.XSHG,卖出,市值上涨
2015-09-01,600706.XSHG,卖出,市值上涨
2015-09-01,600796.XSHG,卖出,市值上涨
2015-09-01,600883.XSHG,卖出,市值上涨
2015-09-01,600891.XSHG,卖出,市值上涨
2015-09-01,600892.XSHG,卖出,市值上涨
2015-10-08,002150.XSHE,卖出,停牌
2015-10-08,002352.XSHE,卖出,市值上涨
2015-10-08,002365.XSHE,卖出,市值上涨
2015-10-08,002582.XSHE,卖出,停牌
2015-10-08,002615.XSHE,卖出,市值上涨
2015-10-08,002634.XSHE,卖出,市值上涨
2015-10-08,002735.XSHE,卖出,涨停
2015-10-08,300013.XSHE,卖出,市值上涨
2015-10-08,300040.XSHE,卖出,涨停
2015-10-08,300125.XSHE,卖出,市值上涨
2015-10-08,300141.XSHE,卖出,涨停
2015-10-08,300143.XSHE,卖出,涨停
2015-10-08,300192.XSHE,卖出,涨停
2015-10-08,300200.XSHE,卖出,市值上涨
2015-10-08,300218.XSHE,卖出,市值上涨
2015-10-08,300243.XSHE,卖出,市值上涨
2015-10-08,300247.XSHE,卖出,涨停
2015-10-08,300264.XSHE,卖出,市值上涨
2015-10-08,300283.XSHE,卖出,市值上涨
2015-10-08,300308.XSHE,卖出,涨停
2015-10-08,300320.XSHE,卖出,市值上涨
2015-10-08,300327.XSHE,卖出,市值上涨
2015-10-08,300329.XSHE,卖出,涨停
2015-10-08,300338.XSHE,卖出,市值上涨
2015-10-08,300371.XSHE,卖出,市值上涨
2015-10-08,300390.XSHE,卖出,市值上涨
2015-10-08,300405.XSHE,卖出,市值上涨
2015-10-08,300423.XSHE,卖出,市值上涨
2015-10-08,300434.XSHE,卖出,市值上涨
2015-10-08,600234.XSHG,卖出,停牌
2015-10-08,600306.XSHG,卖出,停牌
2015-10-08,600370.XSHG,卖出,市值上涨
2015-10-08,600419.XSHG,卖出,市值上涨
2015-10-08,600647.XSHG,卖出,市值上涨
2015-10-08,600727.XSHG,卖出,市值上涨
2015-10-08,600731.XSHG,卖出,涨停
2015-10-08,600774.XSHG,卖出,市值上涨
2015-11-02,000567.XSHE,卖出,涨停
2015-11-02,000615.XSHE,卖出,市值上涨
2015-11-02,000929.XSHE,卖出,停牌
2015-11-02,000953.XSHE,卖出,市值上涨
2015-11-02,002125.XSHE,卖出,市值上涨
2015-11-02,002136.XSHE,卖出,市值上涨
2015-11-02,002211.XSHE,卖出,市值上涨
2015-11-02,002213.XSHE,卖出,市值上涨
2015-11-02,002388.XSHE,卖出,市值上涨
2015-11-02,300061.XSHE,卖出,停牌
2015-11-02,300062.XSHE,卖出,市值上涨
2015-11-02,300069.XSHE,卖出,停牌
2015-11-02,300106.XSHE,卖出,涨停
2015-11-02,300120.XSHE,卖出,市值上涨
2015-11-02,300239.XSHE,卖出,停牌
2015-11-02,300277.XSHE,卖出,停牌
2015-11-02,300321.XSHE,卖出,市值上涨
2015-11-02,300391.XSHE,卖出,市值上涨
2015-11-02,300417.XSHE,卖出,涨停
2015-11-02,300464.XSHE,卖出,市值上涨
2015-11-02,300478.XSHE,卖出,市值上涨
2015-11-02,300481.XSHE,卖出,市值上涨
2015-11-02,600250.XSHG,卖出,市值上涨
2015-11-02,600355.XSHG,卖出,市值上涨
2015-11-02,600561.XSHG,卖出,市值上涨
2015-11-02,600573.XSHG,卖出,市值上涨
2015-11-02,600689.XSHG,卖出,停牌
2015-11-02,600753.XSHG,卖出,市值上涨
2015-11-02,600891.XSHG,卖出,市值上涨
2015-11-02,600892.XSHG,卖出,市值上涨
2015-11-02,603006.XSHG,卖出,市值上涨
2015-12-01,000715.XSHE,卖出,市值上涨
2015-12-01,000785.XSHE,卖出,市值上涨
2015-12-01,002105.XSHE,卖出,涨停
2015-12-01,002113.XSHE,卖出,市值上涨
2015-12-01,002120.XSHE,卖出,市值上涨
2015-12-01,002272.XSHE,卖出,市值上涨
2015-12-01,002319.XSHE,卖出,市值上涨
2015-12-01,002492.XSHE,卖出,市值上涨
2015-12-01,002513.XSHE,卖出,市值上涨
2015-12-01,002576.XSHE,卖出,市值上涨
2015-12-01,002634.XSHE,卖出,市值上涨
2015-12-01,002637.XSHE,卖出,市值上涨
2015-12-01,002645.XSHE,卖出,市值上涨
2015-12-01,002696.XSHE,卖出,市值上涨
2015-12-01,002735.XSHE,卖出,市值上涨
2015-12-01,300092.XSHE,卖出,停牌
2015-12-01,300095.XSHE,卖出,市值上涨
2015-12-01,300143.XSHE,卖出,涨停
2015-12-01,300243.XSHE,卖出,市值上涨
2015-12-01,300268.XSHE,卖出,市值上涨
2015-12-01,300344.XSHE,卖出,停牌
2015-12-01,300461.XSHE,卖出,市值上涨
2015-12-01,300472.XSHE,卖出,市值上涨
2015-12-01,300483.XSHE,卖出,市值上涨
2015-12-01,600051.XSHG,卖出,市值上涨
2015-12-01,600137.XSHG,卖出,市值上涨
2015-12-01,600152.XSHG,卖出,市值上涨
2015-12-01,600275.XSHG,卖出,市值上涨
2015-12-01,600421.XSHG,卖出,市值上涨
2015-12-01,600727.XSHG,卖出,市值上涨
2015-12-01,600734.XSHG,卖出,市值上涨
2015-12-01,600758.XSHG,卖出,市值上涨
2015-12-01,600796.XSHG,卖出,涨停
2016-01-04,000668.XSHE,卖出,市值上涨
2016-01-04,000702.XSHE,卖出,市值上涨
2016-01-04,000723.XSHE,卖出,市值上涨
2016-01-04,000803.XSHE,卖出,停牌
2016-01-04,002134.XSHE,卖出,市值上涨
2016-01-04,002199.XSHE,卖出,市值上涨
2016-01-04,002205.XSHE,卖出,市值上涨
2016-01-04,002270.XSHE,卖出,市值上涨
2016-01-04,002725.XSHE,卖出,市值上涨
2016-01-04,300022.XSHE,卖出,市值上涨
2016-01-04,300040.XSHE,卖出,市值上涨
2016-01-04,300117.XSHE,卖出,市值上涨
2016-01-04,300121.XSHE,卖出,市值上涨
2016-01-04,300132.XSHE,卖出,停牌
2016-01-04,300174.XSHE,卖出,市值上涨
2016-01-04,300211.XSHE,卖出,市值上涨
2016-01-04,300239.XSHE,卖出,市值上涨
2016-01-04,300308.XSHE,卖出,市值上涨
2016-01-04,600080.XSHG,卖出,市值上涨
2016-01-04,600230.XSHG,卖出,市值上涨
2016-01-04,600233.XSHG,卖出,停牌
2016-01-04,600234.XSHG,卖出,停牌
2016-01-04,600243.XSHG,卖出,市值上涨
2016-01-04,600520.XSHG,卖出,市值上涨
2016-01-04,600573.XSHG,卖出,市值上涨
2016-01-04,600593.XSHG,卖出,市值上涨
2016-01-04,600647.XSHG,卖出,市值上涨
2016-01-04,600689.XSHG,卖出,市值上涨
2016-01-04,600706.XSHG,卖出,市值上涨
2016-01-04,600714.XSHG,卖出,停牌
2016-01-04,600766.XSHG,卖出,市值上涨
2016-01-04,600774.XSHG,卖出,市值上涨
2016-01-04,600802.XSHG,卖出,市值上涨
2016-02-01,000713.XSHE,卖出,市值上涨
2016-02-01,000715.XSHE,卖出,市值上涨
2016-02-01,000785.XSHE,卖出,市值上涨
2016-02-01,000923.XSHE,卖出,市值上涨
2016-02-01,002088.XSHE,卖出,市值上涨
2016-02-01,002110.XSHE,卖出,市值上涨
2016-02-01,002125.XSHE,卖出,市值上涨
2016-02-01,002319.XSHE,卖出,市值上涨
2016-02-01,002365.XSHE,卖出,市值上涨
2016-02-01,300087.XSHE,卖出,市值上涨
2016-02-01,300106.XSHE,卖出,停牌
2016-02-01,300138.XSHE,卖出,市值上涨
2016-02-01,300340.XSHE,卖出,停牌
2016-02-01,300402.XSHE,卖出,市值上涨
2016-02-01,300405.XSHE,卖出,停牌
2016-02-01,300461.XSHE,卖出,市值上涨
2016-02-01,600051.XSHG,卖出,市值上涨
2016-02-01,600097.XSHG,卖出,市值上涨
2016-02-01,600228.XSHG,卖出,市值上涨
2016-02-01,600232.XSHG,卖出,市值上涨
2016-02-01,600319.XSHG,卖出,停牌
2016-02-01,600355.XSHG,卖出,市值上涨
2016-02-01,600505.XSHG,卖出,市值上涨
2016-02-01,600540.XSHG,卖出,市值上涨
2016-02-01,600561.XSHG,卖出,市值上涨
2016-02-01,600738.XSHG,卖出,市值上涨
2016-02-01,600810.XSHG,卖出,市值上涨
2016-02-01,600980.XSHG,卖出,市值上涨
2016-03-01,000617.XSHE,卖出,市值上涨
2016-03-01,000702.XSHE,卖出,市值上涨
2016-03-01,000721.XSHE,卖出,市值上涨
2016-03-01,000798.XSHE,卖出,市值上涨
2016-03-01,000953.XSHE,卖出,市值上涨
2016-03-01,000985.XSHE,卖出,市值上涨
2016-03-01,000993.XSHE,卖出,市值上涨
2016-03-01,002061.XSHE,卖出,戴帽
2016-03-01,002109.XSHE,卖出,戴帽
2016-03-01,002606.XSHE,卖出,停牌
2016-03-01,002679.XSHE,卖出,市值上涨
2016-03-01,002735.XSHE,卖出,市值上涨
2016-03-01,300192.XSHE,卖出,涨停
2016-03-01,300330.XSHE,卖出,停牌
2016-03-01,600080.XSHG,卖出,停牌
2016-03-01,600095.XSHG,卖出,市值上涨
2016-03-01,600148.XSHG,卖出,市值上涨
2016-03-01,600234.XSHG,卖出,停牌
2016-03-01,600393.XSHG,卖出,市值上涨
2016-03-01,600603.XSHG,卖出,戴帽
2016-03-01,600681.XSHG,卖出,市值上涨
2016-03-01,600731.XSHG,卖出,市值上涨
2016-03-01,600746.XSHG,卖出,市值上涨
2016-03-01,600774.XSHG,卖出,市值上涨
2016-03-01,603011.XSHG,卖出,市值上涨
2016-04-01,000004.XSHE,卖出,停牌
2016-04-01,000668.XSHE,卖出,市值上涨
2016-04-01,002057.XSHE,卖出,停牌
2016-04-01,002058.XSHE,卖出,市值上涨
2016-04-01,002120.XSHE,卖出,市值上涨
2016-04-01,002134.XSHE,卖出,市值上涨
2016-04-01,002743.XSHE,卖出,市值上涨
2016-04-01,300046.XSHE,卖出,停牌
2016-04-01,300121.XSHE,卖出,市值上涨
2016-04-01,300125.XSHE,卖出,停牌
2016-04-01,300211.XSHE,卖出,市值上涨
2016-04-01,300239.XSHE,卖出,市值上涨
2016-04-01,300241.XSHE,卖出,市值上涨
2016-04-01,300283.XSHE,卖出,停牌
2016-04-01,300391.XSHE,卖出,停牌
2016-04-01,300417.XSHE,卖出,市值上涨
2016-04-01,300421.XSHE,卖出,市值上涨
2016-04-01,300472.XSHE,卖出,停牌
2016-04-01,600189.XSHG,卖出,市值上涨
2016-04-01,600228.XSHG,卖出,停牌
2016-04-01,600250.XSHG,卖出,市值上涨
2016-04-01,600319.XSHG,卖出,戴帽
2016-04-01,600385.XSHG,卖出,涨停
2016-04-01,600419.XSHG,卖出,市值上涨
2016-04-01,600423.XSHG,卖出,市值上涨
2016-04-01,600727.XSHG,卖出,停牌
2016-04-01,600768.XSHG,卖出,停牌
2016-04-01,600821.XSHG,卖出,市值上涨
2016-04-01,600985.XSHG,卖出,停牌
2016-05-03,000609.XSHE,卖出,市值上涨
2016-05-03,000610.XSHE,卖出,停牌
2016-05-03,000691.XSHE,卖出,戴帽
2016-05-03,000798.XSHE,卖出,市值上涨
2016-05-03,000856.XSHE,卖出,戴帽
2016-05-03,000923.XSHE,卖出,停牌
2016-05-03,002105.XSHE,卖出,市值上涨
2016-05-03,002352.XSHE,卖出,停牌
2016-05-03,002682.XSHE,卖出,停牌
2016-05-03,002715.XSHE,卖出,停牌
2016-05-03,002735.XSHE,卖出,停牌
2016-05-03,300084.XSHE,卖出,市值上涨
2016-05-03,300176.XSHE,卖出,停牌
2016-05-03,300275.XSHE,卖出,市值上涨
2016-05-03,600306.XSHG,卖出,戴帽
2016-05-03,600356.XSHG,卖出,市值上涨
2016-05-03,600540.XSHG,卖出,市值上涨
2016-05-03,600714.XSHG,卖出,市值上涨
2016-05-03,600778.XSHG,卖出,市值上涨
2016-05-03,600802.XSHG,卖出,市值上涨
2016-06-01,000993.XSHE,卖出,市值上涨
2016-06-01,002034.XSHE,卖出,市值上涨
2016-06-01,002319.XSHE,卖出,涨停
2016-06-01,002350.XSHE,卖出,市值上涨
2016-06-01,300035.XSHE,卖出,停牌
2016-06-01,300062.XSHE,卖出,停牌
2016-06-01,300069.XSHE,卖出,市值上涨
2016-06-01,300095.XSHE,卖出,市值上涨
2016-06-01,300174.XSHE,卖出,市值上涨
2016-06-01,300227.XSHE,卖出,市值上涨
2016-06-01,300281.XSHE,卖出,市值上涨
2016-06-01,300283.XSHE,卖出,市值上涨
2016-06-01,300372.XSHE,卖出,停牌
2016-06-01,300461.XSHE,卖出,停牌
2016-06-01,300483.XSHE,卖出,市值上涨
2016-06-01,300489.XSHE,卖出,市值上涨
2016-06-01,300492.XSHE,卖出,市值上涨
2016-06-01,600167.XSHG,卖出,市值上涨
2016-06-01,600359.XSHG,卖出,市值上涨
2016-06-01,600367.XSHG,卖出,市值上涨
2016-06-01,600423.XSHG,卖出,市值上涨
2016-06-01,600455.XSHG,卖出,停牌
2016-06-01,600506.XSHG,卖出,市值上涨
2016-06-01,600796.XSHG,卖出,停牌
2016-06-01,600980.XSHG,卖出,市值上涨
2016-07-01,000593.XSHE,卖出,市值上涨
2016-07-01,000711.XSHE,卖出,市值上涨
2016-07-01,000803.XSHE,卖出,停牌
2016-07-01,002040.XSHE,卖出,市值上涨
2016-07-01,002057.XSHE,卖出,停牌
2016-07-01,002088.XSHE,卖出,市值上涨
2016-07-01,002150.XSHE,卖出,市值上涨
2016-07-01,002159.XSHE,卖出,市值上涨
2016-07-01,002201.XSHE,卖出,市值上涨
2016-07-01,002365.XSHE,卖出,市值上涨
2016-07-01,002435.XSHE,卖出,市值上涨
2016-07-01,002725.XSHE,卖出,市值上涨
2016-07-01,300092.XSHE,卖出,市值上涨
2016-07-01,300121.XSHE,卖出,市值上涨
2016-07-01,300275.XSHE,卖出,市值上涨
2016-07-01,300320.XSHE,卖出,市值上涨
2016-07-01,300354.XSHE,卖出,市值上涨
2016-07-01,300371.XSHE,卖出,市值上涨
2016-07-01,300387.XSHE,卖出,市值上涨
2016-07-01,300421.XSHE,卖出,市值上涨
2016-07-01,600080.XSHG,卖出,市值上涨
2016-07-01,600189.XSHG,卖出,市值上涨
2016-07-01,600241.XSHG,卖出,市值上涨
2016-07-01,600714.XSHG,卖出,市值上涨
2016-07-01,603088.XSHG,卖出,市值上涨
2016-08-01,000678.XSHE,卖出,市值上涨
2016-08-01,000785.XSHE,卖出,市值上涨
2016-08-01,000912.XSHE,卖出,市值上涨
2016-08-01,002144.XSHE,卖出,市值上涨
2016-08-01,002200.XSHE,卖出,市值上涨
2016-08-01,002420.XSHE,卖出,市值上涨
2016-08-01,002457.XSHE,卖出,市值上涨
2016-08-01,002633.XSHE,卖出,停牌
2016-08-01,002743.XSHE,卖出,市值上涨
2016-08-01,002760.XSHE,卖出,停牌
2016-08-01,300120.XSHE,卖出,停牌
2016-08-01,300174.XSHE,卖出,市值上涨
2016-08-01,300218.XSHE,卖出,市值上涨
2016-08-01,300405.XSHE,卖出,停牌
2016-08-01,600097.XSHG,卖出,市值上涨
2016-08-01,600615.XSHG,卖出,市值上涨
2016-08-01,600769.XSHG,卖出,市值上涨
2016-08-01,600833.XSHG,卖出,市值上涨
2016-08-01,600883.XSHG,卖出,市值上涨
2016-08-01,600889.XSHG,卖出,市值上涨
2016-09-01,000023.XSHE,卖出,市值上涨
2016-09-01,002193.XSHE,卖出,市值上涨
2016-09-01,002209.XSHE,卖出,市值上涨
2016-09-01,002272.XSHE,卖出,市值上涨
2016-09-01,002696.XSHE,卖出,停牌
2016-09-01,002715.XSHE,卖出,涨停
2016-09-01,300225.XSHE,卖出,市值上涨
2016-09-01,300281.XSHE,卖出,市值上涨
2016-09-01,300344.XSHE,卖出,市值上涨
2016-09-01,600080.XSHG,卖出,市值上涨
2016-09-01,600095.XSHG,卖出,市值上涨
2016-09-01,600152.XSHG,卖出,涨停
2016-09-01,600281.XSHG,卖出,停牌
2016-09-01,600506.XSHG,卖出,市值上涨
2016-09-01,600647.XSHG,卖出,市值上涨
2016-09-01,600810.XSHG,卖出,市值上涨
2016-09-01,600898.XSHG,卖出,停牌
2016-10-10,000159.XSHE,卖出,市值上涨
2016-10-10,000637.XSHE,卖出,市值上涨
2016-10-10,000755.XSHE,卖出,市值上涨
2016-10-10,000953.XSHE,卖出,涨停
2016-10-10,002112.XSHE,卖出,市值上涨
2016-10-10,002633.XSHE,卖出,市值上涨
2016-10-10,002682.XSHE,卖出,市值上涨
2016-10-10,300107.XSHE,卖出,市值上涨
2016-10-10,300132.XSHE,卖出,市值上涨
2016-10-10,300243.XSHE,卖出,停牌
2016-10-10,300391.XSHE,卖出,市值上涨
2016-10-10,300405.XSHE,卖出,市值上涨
2016-10-10,600215.XSHG,卖出,市值上涨
2016-10-10,600421.XSHG,卖出,市值上涨
2016-10-10,600493.XSHG,卖出,市值上涨
2016-10-10,600746.XSHG,卖出,市值上涨
2016-10-10,600883.XSHG,卖出,市值上涨
2016-11-01,000993.XSHE,卖出,市值上涨
2016-11-01,002134.XSHE,卖出,市值上涨
2016-11-01,002420.XSHE,卖出,市值上涨
2016-11-01,002679.XSHE,卖出,市值上涨
2016-11-01,002696.XSHE,卖出,市值上涨
2016-11-01,300200.XSHE,卖出,停牌
2016-11-01,300371.XSHE,卖出,市值上涨
2016-11-01,300402.XSHE,卖出,市值上涨
2016-11-01,300421.XSHE,卖出,涨停
2016-11-01,600137.XSHG,卖出,市值上涨
2016-11-01,600250.XSHG,卖出,市值上涨
2016-11-01,600371.XSHG,卖出,市值上涨
2016-11-01,600505.XSHG,卖出,市值上涨
2016-11-01,600593.XSHG,卖出,市值上涨
2016-12-01,000153.XSHE,卖出,市值上涨
2016-12-01,000707.XSHE,卖出,市值上涨
2016-12-01,002105.XSHE,卖出,市值上涨
2016-12-01,002159.XSHE,卖出,市值上涨
2016-12-01,300103.XSHE,卖出,市值上涨
2016-12-01,300164.XSHE,卖出,市值上涨
2016-12-01,300169.XSHE,卖出,市值上涨
2016-12-01,300211.XSHE,卖出,市值上涨
2016-12-01,300227.XSHE,卖出,停牌
2016-12-01,300235.XSHE,卖出,市值上涨
2016-12-01,300268.XSHE,卖出,停牌
2016-12-01,300417.XSHE,卖出,市值上涨
2016-12-01,600051.XSHG,卖出,市值上涨
2016-12-01,600097.XSHG,卖出,市值上涨
2016-12-01,600148.XSHG,卖出,市值上涨
2016-12-01,600152.XSHG,卖出,停牌
2016-12-01,600228.XSHG,卖出,停牌
2016-12-01,600985.XSHG,卖出,市值上涨
2016-12-01,600992.XSHG,卖出,涨停
2017-01-03,000737.XSHE,卖出,市值上涨
2017-01-03,000985.XSHE,卖出,市值上涨
2017-01-03,000993.XSHE,卖出,市值上涨
2017-01-03,002040.XSHE,卖出,市值上涨
2017-01-03,002058.XSHE,卖出,市值上涨
2017-01-03,002066.XSHE,卖出,市值上涨
2017-01-03,002134.XSHE,卖出,市值上涨
2017-01-03,002457.XSHE,卖出,市值上涨
2017-01-03,002633.XSHE,卖出,市值上涨
2017-01-03,300087.XSHE,卖出,市值上涨
2017-01-03,300107.XSHE,卖出,市值上涨
2017-01-03,300344.XSHE,卖出,市值上涨
2017-01-03,600099.XSHG,卖出,涨停
2017-01-03,600281.XSHG,卖出,市值上涨
2017-01-03,600615.XSHG,卖出,市值上涨
2017-01-03,600689.XSHG,卖出,市值上涨
2017-01-03,600766.XSHG,卖出,市值上涨
2017-01-03,600774.XSHG,卖出,市值上涨
2017-01-03,600802.XSHG,卖出,市值上涨
2017-01-03,600857.XSHG,卖出,市值上涨
2017-01-03,600889.XSHG,卖出,市值上涨
2017-02-03,000526.XSHE,卖出,市值上涨
2017-02-03,000702.XSHE,卖出,市值上涨
2017-02-03,000755.XSHE,卖出,市值上涨
2017-02-03,000798.XSHE,卖出,市值上涨
2017-02-03,002667.XSHE,卖出,市值上涨
2017-02-03,300013.XSHE,卖出,市值上涨
2017-02-03,300022.XSHE,卖出,市值上涨
2017-02-03,300139.XSHE,卖出,市值上涨
2017-02-03,300239.XSHE,卖出,市值上涨
2017-02-03,300275.XSHE,卖出,市值上涨
2017-02-03,300486.XSHE,卖出,停牌
2017-02-03,600080.XSHG,卖出,市值上涨
2017-02-03,600235.XSHG,卖出,市值上涨
2017-02-03,600356.XSHG,卖出,市值上涨
2017-02-03,600359.XSHG,卖出,停牌
2017-02-03,600371.XSHG,卖出,市值上涨
2017-02-03,600573.XSHG,卖出,市值上涨
2017-02-03,600696.XSHG,卖出,停牌
2017-02-03,600727.XSHG,卖出,市值上涨
2017-02-03,600791.XSHG,卖出,市值上涨
2017-02-03,600854.XSHG,卖出,市值上涨
2017-03-01,000803.XSHE,卖出,停牌
2017-03-01,002136.XSHE,卖出,涨停
2017-03-01,002248.XSHE,卖出,停牌
2017-03-01,002682.XSHE,卖出,市值上涨
2017-03-01,002836.XSHE,卖出,市值上涨
2017-03-01,300176.XSHE,卖出,市值上涨
2017-03-01,300235.XSHE,卖出,停牌
2017-03-01,300374.XSHE,卖出,市值上涨
2017-03-01,300423.XSHE,卖出,停牌
2017-03-01,300492.XSHE,卖出,市值上涨
2017-03-01,300563.XSHE,卖出,市值上涨
2017-03-01,300572.XSHE,卖出,市值上涨
2017-03-01,300573.XSHE,卖出,市值上涨
2017-03-01,600505.XSHG,卖出,市值上涨
2017-03-01,600540.XSHG,卖出,市值上涨
2017-03-01,600671.XSHG,卖出,市值上涨
2017-03-01,600793.XSHG,卖出,市值上涨
2017-03-01,600853.XSHG,卖出,市值上涨
2017-04-05,000004.XSHE,卖出,停牌
2017-04-05,000526.XSHE,卖出,停牌
2017-04-05,300035.XSHE,卖出,市值上涨
2017-04-05,300139.XSHE,卖出,市值上涨
2017-04-05,300192.XSHE,卖出,停牌
2017-04-05,300313.XSHE,卖出,市值上涨
2017-04-05,300371.XSHE,卖出,涨停
2017-04-05,300391.XSHE,卖出,市值上涨
2017-04-05,300472.XSHE,卖出,停牌
2017-04-05,300478.XSHE,卖出,停牌
2017-04-05,300538.XSHE,卖出,市值上涨
2017-04-05,300539.XSHE,卖出,市值上涨
2017-04-05,300553.XSHE,卖出,市值上涨
2017-04-05,300576.XSHE,卖出,市值上涨
2017-04-05,300584.XSHE,卖出,市值上涨
2017-04-05,300585.XSHE,卖出,涨停
2017-04-05,600560.XSHG,卖出,市值上涨
2017-04-05,600719.XSHG,卖出,市值上涨
2017-04-05,600985.XSHG,卖出,市值上涨
2017-05-02,000692.XSHE,卖出,市值上涨
2017-05-02,000702.XSHE,卖出,市值上涨
2017-05-02,000707.XSHE,卖出,市值上涨
2017-05-02,000835.XSHE,卖出,市值上涨
2017-05-02,002015.XSHE,卖出,市值上涨
2017-05-02,002205.XSHE,卖出,市值上涨
2017-05-02,002209.XSHE,卖出,市值上涨
2017-05-02,002492.XSHE,卖出,市值上涨
2017-05-02,300092.XSHE,卖出,停牌
2017-05-02,300112.XSHE,卖出,市值上涨
2017-05-02,300200.XSHE,卖出,市值上涨
2017-05-02,300239.XSHE,卖出,市值上涨
2017-05-02,300453.XSHE,卖出,市值上涨
2017-05-02,600241.XSHG,卖出,市值上涨
2017-05-02,600319.XSHG,卖出,市值上涨
2017-05-02,600421.XSHG,卖出,市值上涨
2017-05-02,600423.XSHG,卖出,戴帽
2017-05-02,600706.XSHG,卖出,市值上涨
2017-05-02,600727.XSHG,卖出,市值上涨
2017-05-02,600746.XSHG,卖出,市值上涨
2017-05-02,600781.XSHG,卖出,市值上涨
2017-05-02,600847.XSHG,卖出,戴帽
2017-06-01,000502.XSHE,卖出,停牌
2017-06-01,000610.XSHE,卖出,停牌
2017-06-01,002112.XSHE,卖出,市值上涨
2017-06-01,002420.XSHE,卖出,市值上涨
2017-06-01,002633.XSHE,卖出,市值上涨
2017-06-01,002725.XSHE,卖出,涨停
2017-06-01,002760.XSHE,卖出,市值上涨
2017-06-01,002857.XSHE,卖出,市值上涨
2017-06-01,300022.XSHE,卖出,停牌
2017-06-01,300125.XSHE,卖出,市值上涨
2017-06-01,300132.XSHE,卖出,市值上涨
2017-06-01,300139.XSHE,卖出,市值上涨
2017-06-01,300179.XSHE,卖出,市值上涨
2017-06-01,300214.XSHE,卖出,市值上涨
2017-06-01,300227.XSHE,卖出,市值上涨
2017-06-01,300260.XSHE,卖出,市值上涨
2017-06-01,300277.XSHE,卖出,市值上涨
2017-06-01,300286.XSHE,卖出,市值上涨
2017-06-01,300557.XSHE,卖出,市值上涨
2017-06-01,600080.XSHG,卖出,市值上涨
2017-06-01,600099.XSHG,卖出,市值上涨
2017-06-01,600152.XSHG,卖出,市值上涨
2017-06-01,600250.XSHG,卖出,市值上涨
2017-06-01,600359.XSHG,卖出,市值上涨
2017-06-01,600455.XSHG,卖出,市值上涨
2017-06-01,600513.XSHG,卖出,市值上涨
2017-06-01,600615.XSHG,卖出,市值上涨
2017-06-01,600731.XSHG,卖出,市值上涨
2017-06-01,600738.XSHG,卖出,市值上涨
2017-06-01,600766.XSHG,卖出,市值上涨
2017-06-01,600774.XSHG,卖出,市值上涨
2017-06-01,603088.XSHG,卖出,市值上涨
2017-07-03,000798.XSHE,卖出,市值上涨
2017-07-03,002272.XSHE,卖出,市值上涨
2017-07-03,002580.XSHE,卖出,市值上涨
2017-07-03,002796.XSHE,卖出,停牌
2017-07-03,002805.XSHE,卖出,市值上涨
2017-07-03,002806.XSHE,卖出,停牌
2017-07-03,300329.XSHE,卖出,市值上涨
2017-07-03,300499.XSHE,卖出,市值上涨
2017-07-03,300542.XSHE,卖出,市值上涨
2017-07-03,300572.XSHE,卖出,市值上涨
2017-07-03,300573.XSHE,卖出,市值上涨
2017-07-03,300626.XSHE,卖出,市值上涨
2017-07-03,300632.XSHE,卖出,市值上涨
2017-07-03,300645.XSHE,卖出,市值上涨
2017-07-03,600095.XSHG,卖出,市值上涨
2017-07-03,600156.XSHG,卖出,市值上涨
2017-07-03,600189.XSHG,卖出,市值上涨
2017-07-03,600302.XSHG,卖出,市值上涨
2017-07-03,600493.XSHG,卖出,市值上涨
2017-07-03,600520.XSHG,卖出,市值上涨
2017-07-03,600560.XSHG,卖出,市值上涨
2017-07-03,600689.XSHG,卖出,市值上涨
2017-07-03,603701.XSHG,卖出,市值上涨
2017-07-03,603991.XSHG,卖出,市值上涨
2017-08-01,000668.XSHE,卖出,市值上涨
2017-08-01,000785.XSHE,卖出,市值上涨
2017-08-01,000995.XSHE,卖出,停牌
2017-08-01,002057.XSHE,卖出,市值上涨
2017-08-01,002687.XSHE,卖出,市值上涨
2017-08-01,002715.XSHE,卖出,市值上涨
2017-08-01,002871.XSHE,卖出,市值上涨
2017-08-01,300120.XSHE,卖出,市值上涨
2017-08-01,300214.XSHE,卖出,市值上涨
2017-08-01,300235.XSHE,卖出,市值上涨
2017-08-01,300514.XSHE,卖出,市值上涨
2017-08-01,300584.XSHE,卖出,市值上涨
2017-08-01,300589.XSHE,卖出,市值上涨
2017-08-01,300606.XSHE,卖出,市值上涨
2017-08-01,600128.XSHG,卖出,市值上涨
2017-08-01,600152.XSHG,卖出,市值上涨
2017-08-01,600235.XSHG,卖出,市值上涨
2017-08-01,600306.XSHG,卖出,市值上涨
2017-08-01,600371.XSHG,卖出,市值上涨
2017-08-01,600506.XSHG,卖出,市值上涨
2017-08-01,600573.XSHG,卖出,市值上涨
2017-08-01,600731.XSHG,卖出,市值上涨
2017-08-01,600766.XSHG,卖出,市值上涨
2017-08-01,600796.XSHG,卖出,市值上涨
2017-08-01,600857.XSHG,卖出,市值上涨
2017-08-01,600883.XSHG,卖出,市值上涨
2017-08-01,600980.XSHG,卖出,市值上涨
2017-08-01,603029.XSHG,卖出,市值上涨
2017-08-01,603031.XSHG,卖出,市值上涨
2017-09-01,002209.XSHE,卖出,市值上涨
2017-09-01,002660.XSHE,卖出,市值上涨
2017-09-01,002780.XSHE,卖出,市值上涨
2017-09-01,002878.XSHE,卖出,市值上涨
2017-09-01,002886.XSHE,卖出,市值上涨
2017-09-01,300460.XSHE,卖出,市值上涨
2017-09-01,300464.XSHE,卖出,停牌
2017-09-01,300542.XSHE,卖出,市值上涨
2017-09-01,300554.XSHE,卖出,涨停
2017-09-01,300563.XSHE,卖出,市值上涨
2017-09-01,300592.XSHE,卖出,市值上涨
2017-09-01,300598.XSHE,卖出,市值上涨
2017-09-01,300604.XSHE,卖出,市值上涨
2017-09-01,300608.XSHE,卖出,市值上涨
2017-09-01,300615.XSHE,卖出,市值上涨
2017-09-01,300635.XSHE,卖出,市值上涨
2017-09-01,300638.XSHE,卖出,市值上涨
2017-09-01,300647.XSHE,卖出,市值上涨
2017-09-01,300667.XSHE,卖出,市值上涨
2017-09-01,300670.XSHE,卖出,市值上涨
2017-09-01,603226.XSHG,卖出,市值上涨
2017-09-01,603268.XSHG,卖出,市值上涨
2017-09-01,603269.XSHG,卖出,市值上涨
2017-09-01,603879.XSHG,卖出,市值上涨
2017-10-09,000610.XSHE,卖出,市值上涨
2017-10-09,000611.XSHE,卖出,市值上涨
2017-10-09,000695.XSHE,卖出,停牌
2017-10-09,000779.XSHE,卖出,市值上涨
2017-10-09,000785.XSHE,卖出,市值上涨
2017-10-09,002760.XSHE,卖出,市值上涨
2017-10-09,300046.XSHE,卖出,市值上涨
2017-10-09,300120.XSHE,卖出,市值上涨
2017-10-09,300139.XSHE,卖出,市值上涨
2017-10-09,300254.XSHE,卖出,市值上涨
2017-10-09,300557.XSHE,卖出,市值上涨
2017-10-09,300576.XSHE,卖出,市值上涨
2017-10-09,300578.XSHE,卖出,市值上涨
2017-10-09,300586.XSHE,卖出,市值上涨
2017-10-09,300605.XSHE,卖出,市值上涨
2017-10-09,300631.XSHE,卖出,市值上涨
2017-10-09,300655.XSHE,卖出,市值上涨
2017-10-09,300656.XSHE,卖出,市值上涨
2017-10-09,600128.XSHG,卖出,市值上涨
2017-10-09,600213.XSHG,卖出,市值上涨
2017-10-09,600371.XSHG,卖出,市值上涨
2017-10-09,600444.XSHG,卖出,市值上涨
2017-10-09,600520.XSHG,卖出,市值上涨
2017-11-01,002627.XSHE,卖出,市值上涨
2017-11-01,002800.XSHE,卖出,市值上涨
2017-11-01,002862.XSHE,卖出,市值上涨
2017-11-01,002883.XSHE,卖出,市值上涨
2017-11-01,002888.XSHE,卖出,市值上涨
2017-11-01,002890.XSHE,卖出,市值上涨
2017-11-01,300260.XSHE,卖出,停牌
2017-11-01,300483.XSHE,卖出,停牌
2017-11-01,300535.XSHE,卖出,市值上涨
2017-11-01,300539.XSHE,卖出,市值上涨
2017-11-01,300587.XSHE,卖出,市值上涨
2017-11-01,300622.XSHE,卖出,市值上涨
2017-11-01,300637.XSHE,卖出,市值上涨
2017-11-01,300650.XSHE,卖出,市值上涨
2017-11-01,300652.XSHE,卖出,市值上涨
2017-11-01,300665.XSHE,卖出,市值上涨
2017-11-01,600099.XSHG,卖出,市值上涨
2017-11-01,600189.XSHG,卖出,市值上涨
2017-11-01,600302.XSHG,卖出,市值上涨
2017-11-01,600731.XSHG,卖出,市值上涨
2017-11-01,600857.XSHG,卖出,市值上涨
2017-11-01,603226.XSHG,卖出,市值上涨
2017-11-01,603617.XSHG,卖出,市值上涨
2017-11-01,603679.XSHG,卖出,市值上涨
2017-11-01,603880.XSHG,卖出,市值上涨
2017-12-01,002272.XSHE,卖出,市值上涨
2017-12-01,002667.XSHE,卖出,市值上涨
2017-12-01,002687.XSHE,卖出,市值上涨
2017-12-01,002857.XSHE,卖出,市值上涨
2017-12-01,002886.XSHE,卖出,市值上涨
2017-12-01,300220.XSHE,卖出,市值上涨
2017-12-01,300243.XSHE,卖出,市值上涨
2017-12-01,300313.XSHE,卖出,市值上涨
2017-12-01,300452.XSHE,卖出,市值上涨
2017-12-01,300472.XSHE,卖出,市值上涨
2017-12-01,300509.XSHE,卖出,停牌
2017-12-01,300615.XSHE,卖出,市值上涨
2017-12-01,300647.XSHE,卖出,市值上涨
2017-12-01,300651.XSHE,卖出,市值上涨
2017-12-01,300680.XSHE,卖出,停牌
2017-12-01,600241.XSHG,卖出,市值上涨
2017-12-01,600379.XSHG,卖出,市值上涨
2017-12-01,600448.XSHG,卖出,市值上涨
2017-12-01,603268.XSHG,卖出,市值上涨
2017-12-01,603286.XSHG,卖出,市值上涨
2017-12-01,603536.XSHG,卖出,市值上涨
2018-01-02,000611.XSHE,卖出,市值上涨
2018-01-02,000691.XSHE,卖出,市值上涨
2018-01-02,300022.XSHE,卖出,市值上涨
2018-01-02,300521.XSHE,卖出,市值上涨
2018-01-02,300539.XSHE,卖出,市值上涨
2018-01-02,300650.XSHE,卖出,市值上涨
2018-01-02,300670.XSHE,卖出,市值上涨
2018-01-02,600128.XSHG,卖出,市值上涨
2018-01-02,600213.XSHG,卖出,市值上涨
2018-01-02,600371.XSHG,卖出,市值上涨
2018-01-02,600593.XSHG,卖出,市值上涨
2018-01-02,600731.XSHG,卖出,市值上涨
2018-01-02,600980.XSHG,卖出,市值上涨
2018-01-02,603617.XSHG,卖出,市值上涨
2018-01-02,603679.XSHG,卖出,市值上涨
2018-02-01,000014.XSHE,卖出,市值上涨
2018-02-01,000668.XSHE,卖出,市值上涨
2018-02-01,000929.XSHE,卖出,市值上涨
2018-02-01,002395.XSHE,卖出,市值上涨
2018-02-01,002725.XSHE,卖出,市值上涨
2018-02-01,002808.XSHE,卖出,市值上涨
2018-02-01,002810.XSHE,卖出,市值上涨
2018-02-01,002862.XSHE,卖出,市值上涨
2018-02-01,300092.XSHE,卖出,涨停
2018-02-01,300214.XSHE,卖出,市值上涨
2018-02-01,300275.XSHE,卖出,市值上涨
2018-02-01,300305.XSHE,卖出,市值上涨
2018-02-01,300329.XSHE,卖出,市值上涨
2018-02-01,600306.XSHG,卖出,停牌
2018-02-01,600444.XSHG,卖出,市值上涨
2018-02-01,600455.XSHG,卖出,市值上涨
2018-02-01,600493.XSHG,卖出,市值上涨
2018-02-01,600506.XSHG,卖出,市值上涨
2018-02-01,600573.XSHG,卖出,市值上涨
2018-02-01,600857.XSHG,卖出,市值上涨
2018-02-01,600883.XSHG,卖出,市值上涨
2018-02-01,603028.XSHG,卖出,停牌
2018-02-01,603269.XSHG,卖出,市值上涨
2018-03-01,000611.XSHE,卖出,市值上涨
2018-03-01,002272.XSHE,卖出,市值上涨
2018-03-01,002849.XSHE,卖出,市值上涨
2018-03-01,002857.XSHE,卖出,停牌
2018-03-01,300028.XSHE,卖出,涨停
2018-03-01,300076.XSHE,卖出,市值上涨
2018-03-01,300169.XSHE,卖出,市值上涨
2018-03-01,300268.XSHE,卖出,市值上涨
2018-03-01,300283.XSHE,卖出,市值上涨
2018-03-01,300404.XSHE,卖出,市值上涨
2018-03-01,300555.XSHE,卖出,市值上涨
2018-03-01,300605.XSHE,卖出,市值上涨
2018-03-01,300640.XSHE,卖出,停牌
2018-03-01,600095.XSHG,卖出,市值上涨
2018-03-01,600193.XSHG,卖出,市值上涨
2018-03-01,603701.XSHG,卖出,市值上涨
2018-03-01,603859.XSHG,卖出,市值上涨
2018-04-02,002395.XSHE,卖出,市值上涨
2018-04-02,002758.XSHE,卖出,市值上涨
2018-04-02,002858.XSHE,卖出,市值上涨
2018-04-02,002888.XSHE,卖出,涨停
2018-04-02,002890.XSHE,卖出,市值上涨
2018-04-02,300460.XSHE,卖出,市值上涨
2018-04-02,300464.XSHE,卖出,停牌
2018-04-02,300509.XSHE,卖出,市值上涨
2018-04-02,300517.XSHE,卖出,市值上涨
2018-04-02,300557.XSHE,卖出,市值上涨
2018-04-02,300563.XSHE,卖出,市值上涨
2018-04-02,300598.XSHE,卖出,停牌
2018-04-02,300647.XSHE,卖出,市值上涨
2018-04-02,300680.XSHE,卖出,市值上涨
2018-04-02,300717.XSHE,卖出,市值上涨
2018-04-02,300720.XSHE,卖出,涨停
2018-04-02,600213.XSHG,卖出,市值上涨
2018-04-02,600379.XSHG,卖出,市值上涨
2018-04-02,600689.XSHG,卖出,市值上涨
2018-04-02,600769.XSHG,卖出,涨停
2018-04-02,600883.XSHG,卖出,市值上涨
2018-04-02,603029.XSHG,卖出,涨停
2018-04-02,603617.XSHG,卖出,市值上涨
2018-04-02,603633.XSHG,卖出,市值上涨
2018-05-02,000691.XSHE,卖出,市值上涨
2018-05-02,000707.XSHE,卖出,戴帽
2018-05-02,000713.XSHE,卖出,停牌
2018-05-02,000995.XSHE,卖出,戴帽
2018-05-02,002272.XSHE,卖出,市值上涨
2018-05-02,002778.XSHE,卖出,停牌
2018-05-02,300283.XSHE,卖出,市值上涨
2018-05-02,300329.XSHE,卖出,市值上涨
2018-05-02,300387.XSHE,卖出,市值上涨
2018-05-02,300452.XSHE,卖出,市值上涨
2018-05-02,300483.XSHE,卖出,市值上涨
2018-05-02,300576.XSHE,卖出,市值上涨
2018-05-02,300615.XSHE,卖出,市值上涨
2018-05-02,600193.XSHG,卖出,停牌
2018-05-02,600778.XSHG,卖出,戴帽
2018-05-02,600796.XSHG,卖出,停牌
2018-05-02,600889.XSHG,卖出,市值上涨
2018-05-02,603088.XSHG,卖出,涨停
2018-05-02,603701.XSHG,卖出,市值上涨
2018-06-01,000502.XSHE,卖出,停牌
2018-06-01,002758.XSHE,卖出,市值上涨
2018-06-01,002780.XSHE,卖出,市值上涨
2018-06-01,300022.XSHE,卖出,涨停
2018-06-01,300062.XSHE,卖出,市值上涨
2018-06-01,300139.XSHE,卖出,市值上涨
2018-06-01,300192.XSHE,卖出,市值上涨
2018-06-01,300235.XSHE,卖出,市值上涨
2018-06-01,300254.XSHE,卖出,市值上涨
2018-06-01,300268.XSHE,卖出,市值上涨
2018-06-01,300313.XSHE,卖出,市值上涨
2018-06-01,300535.XSHE,卖出,市值上涨
2018-06-01,300538.XSHE,卖出,市值上涨
2018-06-01,300539.XSHE,卖出,市值上涨
2018-06-01,300540.XSHE,卖出,市值上涨
2018-06-01,300553.XSHE,卖出,市值上涨
2018-06-01,300622.XSHE,卖出,市值上涨
2018-06-01,300640.XSHE,卖出,涨停
2018-06-01,300665.XSHE,卖出,市值上涨
2018-06-01,600506.XSHG,卖出,停牌
2018-06-01,600540.XSHG,卖出,市值上涨
2018-06-01,600573.XSHG,卖出,市值上涨
2018-06-01,600647.XSHG,卖出,市值上涨
2018-06-01,600793.XSHG,卖出,市值上涨
2018-06-01,603022.XSHG,卖出,市值上涨
2018-06-01,603028.XSHG,卖出,市值上涨
2018-06-01,603031.XSHG,卖出,市值上涨
2018-06-01,603908.XSHG,卖出,涨停
2018-07-02,000159.XSHE,卖出,市值上涨
2018-07-02,000713.XSHE,卖出,市值上涨
2018-07-02,002134.XSHE,卖出,市值上涨
2018-07-02,002272.XSHE,卖出,市值上涨
2018-07-02,002729.XSHE,卖出,市值上涨
2018-07-02,002799.XSHE,卖出,市值上涨
2018-07-02,300025.XSHE,卖出,市值上涨
2018-07-02,300028.XSHE,卖出,戴帽
2018-07-02,300167.XSHE,卖出,市值上涨
2018-07-02,300387.XSHE,卖出,市值上涨
2018-07-02,300402.XSHE,卖出,市值上涨
2018-07-02,300499.XSHE,卖出,市值上涨
2018-07-02,300576.XSHE,卖出,市值上涨
2018-07-02,300650.XSHE,卖出,市值上涨
2018-07-02,300669.XSHE,卖出,市值上涨
2018-07-02,600156.XSHG,卖出,市值上涨
2018-07-02,600213.XSHG,卖出,市值上涨
2018-07-02,600250.XSHG,卖出,市值上涨
2018-07-02,600448.XSHG,卖出,涨停
2018-07-02,600493.XSHG,卖出,市值上涨
2018-07-02,600746.XSHG,卖出,市值上涨
2018-07-02,600766.XSHG,卖出,停牌
2018-07-02,600768.XSHG,卖出,停牌
2018-07-02,600847.XSHG,卖出,市值上涨
2018-07-02,600980.XSHG,卖出,市值上涨
2018-07-02,603819.XSHG,卖出,市值上涨
2018-08-01,000633.XSHE,卖出,市值上涨
2018-08-01,000985.XSHE,卖出,市值上涨
2018-08-01,002066.XSHE,卖出,市值上涨
2018-08-01,002205.XSHE,卖出,涨停
2018-08-01,002755.XSHE,卖出,停牌
2018-08-01,002862.XSHE,卖出,市值上涨
2018-08-01,300163.XSHE,卖出,市值上涨
2018-08-01,300305.XSHE,卖出,市值上涨
2018-08-01,300460.XSHE,卖出,市值上涨
2018-08-01,600112.XSHG,卖出,市值上涨
2018-08-01,600235.XSHG,卖出,市值上涨
2018-08-01,600359.XSHG,卖出,市值上涨
2018-08-01,600505.XSHG,卖出,市值上涨
2018-08-01,600615.XSHG,卖出,市值上涨
2018-08-01,600719.XSHG,卖出,市值上涨
2018-08-01,603041.XSHG,卖出,市值上涨
2018-08-01,603268.XSHG,卖出,市值上涨
2018-09-03,000609.XSHE,卖出,市值上涨
2018-09-03,000692.XSHE,卖出,市值上涨
2018-09-03,002072.XSHE,卖出,涨停
2018-09-03,002295.XSHE,卖出,市值上涨
2018-09-03,002778.XSHE,卖出,市值上涨
2018-09-03,300025.XSHE,卖出,市值上涨
2018-09-03,300029.XSHE,卖出,涨停
2018-09-03,300062.XSHE,卖出,市值上涨
2018-09-03,300106.XSHE,卖出,涨停
2018-09-03,300235.XSHE,卖出,市值上涨
2018-09-03,300254.XSHE,卖出,市值上涨
2018-09-03,600379.XSHG,卖出,市值上涨
2018-09-03,600793.XSHG,卖出,市值上涨
2018-09-03,603022.XSHG,卖出,市值上涨
2018-09-03,603028.XSHG,卖出,市值上涨
2018-09-03,603031.XSHG,卖出,市值上涨
2018-09-03,603580.XSHG,卖出,市值上涨
2018-10-08,000004.XSHE,卖出,停牌
2018-10-08,002205.XSHE,卖出,停牌
2018-10-08,002667.XSHE,卖出,市值上涨
2018-10-08,002780.XSHE,卖出,市值上涨
2018-10-08,002848.XSHE,卖出,市值上涨
2018-10-08,300092.XSHE,卖出,市值上涨
2018-10-08,300167.XSHE,卖出,市值上涨
2018-10-08,300216.XSHE,卖出,停牌
2018-10-08,300483.XSHE,卖出,市值上涨
2018-10-08,300499.XSHE,卖出,市值上涨
2018-10-08,600444.XSHG,卖出,市值上涨
2018-10-08,600573.XSHG,卖出,市值上涨
2018-10-08,603701.XSHG,卖出,市值上涨
2018-11-01,000609.XSHE,卖出,涨停
2018-11-01,000622.XSHE,卖出,停牌
2018-11-01,002209.XSHE,卖出,涨停
2018-11-01,002569.XSHE,卖出,市值上涨
2018-11-01,002576.XSHE,卖出,市值上涨
2018-11-01,002857.XSHE,卖出,市值上涨
2018-11-01,002862.XSHE,卖出,市值上涨
2018-11-01,300126.XSHE,卖出,涨停
2018-11-01,300464.XSHE,卖出,停牌
2018-11-01,300538.XSHE,卖出,市值上涨
2018-11-01,300553.XSHE,卖出,市值上涨
2018-11-01,300626.XSHE,卖出,市值上涨
2018-11-01,300650.XSHE,卖出,市值上涨
2018-11-01,300680.XSHE,卖出,市值上涨
2018-11-01,600385.XSHG,卖出,市值上涨
2018-11-01,600462.XSHG,卖出,市值上涨
2018-11-01,600766.XSHG,卖出,涨停
2018-11-01,600883.XSHG,卖出,市值上涨
2018-11-01,603330.XSHG,卖出,市值上涨
2018-12-03,000610.XSHE,卖出,市值上涨
2018-12-03,000638.XSHE,卖出,市值上涨
2018-12-03,000668.XSHE,卖出,市值上涨
2018-12-03,002058.XSHE,卖出,市值上涨
2018-12-03,002134.XSHE,卖出,市值上涨
2018-12-03,002660.XSHE,卖出,市值上涨
2018-12-03,002667.XSHE,卖出,市值上涨
2018-12-03,300163.XSHE,卖出,市值上涨
2018-12-03,300167.XSHE,卖出,市值上涨
2018-12-03,300169.XSHE,卖出,市值上涨
2018-12-03,300606.XSHE,卖出,市值上涨
2018-12-03,300622.XSHE,卖出,市值上涨
2018-12-03,600128.XSHG,卖出,市值上涨
2018-12-03,600235.XSHG,卖出,市值上涨
2018-12-03,600493.XSHG,卖出,市值上涨
2018-12-03,600506.XSHG,卖出,涨停
2018-12-03,603721.XSHG,卖出,市值上涨
2019-01-02,002778.XSHE,卖出,市值上涨
2019-01-02,002817.XSHE,卖出,市值上涨
2019-01-02,002835.XSHE,卖出,市值上涨
2019-01-02,002862.XSHE,卖出,涨停
2019-01-02,300211.XSHE,卖出,市值上涨
2019-01-02,300453.XSHE,卖出,市值上涨
2019-01-02,300464.XSHE,卖出,市值上涨
2019-01-02,300635.XSHE,卖出,涨停
2019-01-02,300669.XSHE,卖出,市值上涨
2019-01-02,600319.XSHG,卖出,市值上涨
2019-01-02,600605.XSHG,卖出,涨停
2019-01-02,603908.XSHG,卖出,市值上涨
2019-02-01,000692.XSHE,卖出,市值上涨
2019-02-01,000713.XSHE,卖出,市值上涨
2019-02-01,002105.XSHE,卖出,市值上涨
2019-02-01,002205.XSHE,卖出,市值上涨
2019-02-01,002569.XSHE,卖出,市值上涨
2019-02-01,002715.XSHE,卖出,市值上涨
2019-02-01,002780.XSHE,卖出,市值上涨
2019-02-01,002816.XSHE,卖出,市值上涨
2019-02-01,300092.XSHE,卖出,市值上涨
2019-02-01,300268.XSHE,卖出,市值上涨
2019-02-01,300371.XSHE,卖出,市值上涨
2019-02-01,300622.XSHE,卖出,市值上涨
2019-02-01,600302.XSHG,卖出,市值上涨
2019-02-01,600365.XSHG,卖出,市值上涨
2019-02-01,600444.XSHG,卖出,市值上涨
2019-02-01,600506.XSHG,卖出,市值上涨
2019-02-01,600769.XSHG,卖出,市值上涨
2019-02-01,600883.XSHG,卖出,市值上涨
2019-02-01,600980.XSHG,卖出,市值上涨
2019-02-01,603721.XSHG,卖出,市值上涨
2019-03-01,000609.XSHE,卖出,市值上涨
2019-03-01,000668.XSHE,卖出,市值上涨
2019-03-01,000803.XSHE,卖出,市值上涨
2019-03-01,002112.XSHE,卖出,停牌
2019-03-01,002660.XSHE,卖出,市值上涨
2019-03-01,002862.XSHE,卖出,市值上涨
2019-03-01,300152.XSHE,卖出,市值上涨
2019-03-01,300464.XSHE,卖出,市值上涨
2019-03-01,300606.XSHE,卖出,市值上涨
2019-03-01,300710.XSHE,卖出,涨停
2019-03-01,600213.XSHG,卖出,市值上涨
2019-03-01,603633.XSHG,卖出,市值上涨
2019-03-01,603963.XSHG,卖出,市值上涨
2019-04-01,000004.XSHE,卖出,停牌
2019-04-01,002134.XSHE,卖出,市值上涨
2019-04-01,002629.XSHE,卖出,停牌
2019-04-01,002805.XSHE,卖出,市值上涨
2019-04-01,002857.XSHE,卖出,市值上涨
2019-04-01,300092.XSHE,卖出,市值上涨
2019-04-01,300126.XSHE,卖出,市值上涨
2019-04-01,300220.XSHE,卖出,市值上涨
2019-04-01,300536.XSHE,卖出,市值上涨
2019-04-01,300540.XSHE,卖出,市值上涨
2019-04-01,600319.XSHG,卖出,市值上涨
2019-04-01,600385.XSHG,卖出,涨停
2019-04-01,603729.XSHG,卖出,市值上涨
2019-04-01,603829.XSHG,卖出,市值上涨
2019-05-06,000611.XSHE,卖出,戴帽
2019-05-06,000702.XSHE,卖出,市值上涨
2019-05-06,002072.XSHE,卖出,戴帽
2019-05-06,002200.XSHE,卖出,戴帽
2019-05-06,002420.XSHE,卖出,戴帽
2019-05-06,002499.XSHE,卖出,戴帽
2019-05-06,002569.XSHE,卖出,戴帽
2019-05-06,002729.XSHE,卖出,市值上涨
2019-05-06,300022.XSHE,卖出,市值上涨
2019-05-06,300167.XSHE,卖出,停牌
2019-05-06,300216.XSHE,卖出,停牌
2019-05-06,300371.XSHE,卖出,市值上涨
2019-05-06,300405.XSHE,卖出,涨停
2019-05-06,300573.XSHE,卖出,市值上涨
2019-05-06,300622.XSHE,卖出,市值上涨
2019-05-06,300640.XSHE,卖出,市值上涨
2019-05-06,300669.XSHE,卖出,市值上涨
2019-05-06,300717.XSHE,卖出,市值上涨
2019-05-06,600095.XSHG,卖出,涨停
2019-05-06,600213.XSHG,卖出,市值上涨
2019-05-06,600371.XSHG,卖出,市值上涨
2019-05-06,600455.XSHG,卖出,市值上涨
2019-05-06,600793.XSHG,卖出,市值上涨
2019-06-03,002058.XSHE,卖出,市值上涨
2019-06-03,002862.XSHE,卖出,市值上涨
2019-06-03,002909.XSHE,卖出,市值上涨
2019-06-03,002919.XSHE,卖出,市值上涨
2019-06-03,300069.XSHE,卖出,市值上涨
2019-06-03,300106.XSHE,卖出,涨停
2019-06-03,300169.XSHE,卖出,市值上涨
2019-06-03,300275.XSHE,卖出,市值上涨
2019-06-03,300313.XSHE,卖出,市值上涨
2019-06-03,300330.XSHE,卖出,市值上涨
2019-06-03,300551.XSHE,卖出,市值上涨
2019-06-03,300592.XSHE,卖出,停牌
2019-06-03,300611.XSHE,卖出,涨停
2019-06-03,300629.XSHE,卖出,涨停
2019-06-03,300631.XSHE,卖出,市值上涨
2019-06-03,300710.XSHE,卖出,市值上涨
2019-06-03,300716.XSHE,卖出,市值上涨
2019-06-03,300720.XSHE,卖出,市值上涨
2019-06-03,600506.XSHG,卖出,市值上涨
2019-06-03,603655.XSHG,卖出,市值上涨
2019-07-01,002417.XSHE,卖出,市值上涨
2019-07-01,002473.XSHE,卖出,涨停
2019-07-01,002817.XSHE,卖出,市值上涨
2019-07-01,300022.XSHE,卖出,市值上涨
2019-07-01,300163.XSHE,卖出,市值上涨
2019-07-01,300460.XSHE,卖出,涨停
2019-07-01,300636.XSHE,卖出,市值上涨
2019-07-01,300669.XSHE,卖出,市值上涨
2019-07-01,300736.XSHE,卖出,市值上涨
2019-07-01,600306.XSHG,卖出,停牌
2019-07-01,600455.XSHG,卖出,市值上涨
2019-07-01,603580.XSHG,卖出,市值上涨
2019-07-01,603908.XSHG,卖出,市值上涨
2019-07-01,603955.XSHG,卖出,市值上涨
2019-08-01,002816.XSHE,卖出,市值上涨
2019-08-01,002857.XSHE,卖出,市值上涨
2019-08-01,002909.XSHE,卖出,市值上涨
2019-08-01,300093.XSHE,卖出,市值上涨
2019-08-01,300167.XSHE,卖出,市值上涨
2019-08-01,300235.XSHE,卖出,市值上涨
2019-08-01,300354.XSHE,卖出,市值上涨
2019-08-01,300412.XSHE,卖出,市值上涨
2019-08-01,300417.XSHE,卖出,市值上涨
2019-08-01,300549.XSHE,卖出,市值上涨
2019-08-01,300553.XSHE,卖出,市值上涨
2019-08-01,300554.XSHE,卖出,市值上涨
2019-08-01,300585.XSHE,卖出,涨停
2019-08-01,300619.XSHE,卖出,市值上涨
2019-08-01,300622.XSHE,卖出,市值上涨
2019-08-01,300640.XSHE,卖出,市值上涨
2019-08-01,300700.XSHE,卖出,市值上涨
2019-08-01,300703.XSHE,卖出,市值上涨
2019-08-01,300717.XSHE,卖出,市值上涨
2019-08-01,600605.XSHG,卖出,市值上涨
2019-08-01,600671.XSHG,卖出,涨停
2019-08-01,603022.XSHG,卖出,市值上涨
2019-08-01,603316.XSHG,卖出,市值上涨
2019-08-01,603578.XSHG,卖出,市值上涨
2019-08-01,603683.XSHG,卖出,市值上涨
2019-08-01,603829.XSHG,卖出,市值上涨
2019-09-02,002105.XSHE,卖出,市值上涨
2019-09-02,002213.XSHE,卖出,市值上涨
2019-09-02,002417.XSHE,卖出,涨停
2019-09-02,300030.XSHE,卖出,市值上涨
2019-09-02,300489.XSHE,卖出,市值上涨
2019-09-02,300636.XSHE,卖出,市值上涨
2019-09-02,300693.XSHE,卖出,市值上涨
2019-09-02,600821.XSHG,卖出,涨停
2019-09-02,603031.XSHG,卖出,市值上涨
2019-09-02,603139.XSHG,卖出,市值上涨
2019-09-02,603536.XSHG,卖出,市值上涨
2019-09-02,603655.XSHG,卖出,市值上涨
2019-09-02,603908.XSHG,卖出,市值上涨
2019-10-08,002800.XSHE,卖出,涨停
2019-10-08,002805.XSHE,卖出,市值上涨
2019-10-08,002883.XSHE,卖出,市值上涨
2019-10-08,002899.XSHE,卖出,市值上涨
2019-10-08,300141.XSHE,卖出,市值上涨
2019-10-08,300330.XSHE,卖出,市值上涨
2019-10-08,300405.XSHE,卖出,市值上涨
2019-10-08,300421.XSHE,卖出,市值上涨
2019-10-08,300460.XSHE,卖出,市值上涨
2019-10-08,300606.XSHE,卖出,市值上涨
2019-10-08,300650.XSHE,卖出,市值上涨
2019-10-08,300720.XSHE,卖出,市值上涨
2019-10-08,603041.XSHG,卖出,市值上涨
2019-10-08,603090.XSHG,卖出,市值上涨
2019-10-08,603159.XSHG,卖出,市值上涨
2019-10-08,603319.XSHG,卖出,市值上涨
2019-10-08,603683.XSHG,卖出,涨停
2019-10-08,603879.XSHG,卖出,涨停
2019-10-08,603958.XSHG,卖出,市值上涨
2019-11-01,000702.XSHE,卖出,市值上涨
2019-11-01,002817.XSHE,卖出,市值上涨
2019-11-01,300071.XSHE,卖出,涨停
2019-11-01,300089.XSHE,卖出,市值上涨
2019-11-01,300126.XSHE,卖出,市值上涨
2019-11-01,300163.XSHE,卖出,市值上涨
2019-11-01,300169.XSHE,卖出,市值上涨
2019-11-01,300254.XSHE,卖出,市值上涨
2019-11-01,300275.XSHE,卖出,市值上涨
2019-11-01,300313.XSHE,卖出,市值上涨
2019-11-01,300693.XSHE,卖出,市值上涨
2019-11-01,600319.XSHG,卖出,停牌
2019-11-01,600444.XSHG,卖出,市值上涨
2019-11-01,600615.XSHG,卖出,涨停
2019-11-01,603022.XSHG,卖出,市值上涨
2019-11-01,603031.XSHG,卖出,市值上涨
2019-11-01,603139.XSHG,卖出,市值上涨
2019-11-01,603356.XSHG,卖出,市值上涨
2019-11-01,603536.XSHG,卖出,市值上涨
2019-11-01,603578.XSHG,卖出,市值上涨
2019-11-01,603813.XSHG,卖出,市值上涨
2019-11-01,603880.XSHG,卖出,市值上涨
2019-12-02,000004.XSHE,卖出,市值上涨
2019-12-02,000609.XSHE,卖出,市值上涨
2019-12-02,002778.XSHE,卖出,市值上涨
2019-12-02,002862.XSHE,卖出,市值上涨
2019-12-02,002883.XSHE,卖出,市值上涨
2019-12-02,300141.XSHE,卖出,市值上涨
2019-12-02,300489.XSHE,卖出,市值上涨
2019-12-02,600235.XSHG,卖出,市值上涨
2019-12-02,600302.XSHG,卖出,市值上涨
2019-12-02,600355.XSHG,卖出,市值上涨
2019-12-02,600455.XSHG,卖出,市值上涨
2019-12-02,600605.XSHG,卖出,市值上涨
2019-12-02,600678.XSHG,卖出,涨停
2019-12-02,600714.XSHG,卖出,市值上涨
2019-12-02,600778.XSHG,卖出,市值上涨
2019-12-02,600791.XSHG,卖出,市值上涨
2019-12-02,600796.XSHG,卖出,市值上涨
2019-12-02,603829.XSHG,卖出,市值上涨
2020-01-02,002071.XSHE,卖出,市值上涨
2020-01-02,002319.XSHE,卖出,市值上涨
2020-01-02,002890.XSHE,卖出,市值上涨
2020-01-02,300069.XSHE,卖出,市值上涨
2020-01-02,300071.XSHE,卖出,市值上涨
2020-01-02,300126.XSHE,卖出,市值上涨
2020-01-02,300218.XSHE,卖出,市值上涨
2020-01-02,300354.XSHE,卖出,市值上涨
2020-01-02,300611.XSHE,卖出,市值上涨
2020-01-02,300742.XSHE,卖出,市值上涨
2020-01-02,600599.XSHG,卖出,涨停
2020-01-02,600847.XSHG,卖出,市值上涨
2020-01-02,600883.XSHG,卖出,涨停
2020-01-02,603041.XSHG,卖出,市值上涨
2020-01-02,603356.XSHG,卖出,市值上涨
2020-01-02,603683.XSHG,卖出,市值上涨
2020-01-02,603880.XSHG,卖出,涨停
2020-02-03,002715.XSHE,卖出,市值上涨
2020-02-03,300254.XSHE,卖出,市值上涨
2020-02-03,300412.XSHE,卖出,市值上涨
2020-02-03,300442.XSHE,卖出,市值上涨
2020-02-03,300654.XSHE,卖出,涨停
2020-02-03,300721.XSHE,卖出,市值上涨
2020-02-03,600766.XSHG,卖出,市值上涨
2020-02-03,600889.XSHG,卖出,市值上涨
2020-02-03,603330.XSHG,卖出,市值上涨
2020-02-03,603813.XSHG,卖出,市值上涨
2020-03-02,000502.XSHE,卖出,停牌
2020-03-02,000695.XSHE,卖出,市值上涨
2020-03-02,002136.XSHE,卖出,市值上涨
2020-03-02,002205.XSHE,卖出,涨停
2020-03-02,002667.XSHE,卖出,涨停
2020-03-02,002760.XSHE,卖出,市值上涨
2020-03-02,300062.XSHE,卖出,市值上涨
2020-03-02,300092.XSHE,卖出,市值上涨
2020-03-02,300163.XSHE,卖出,市值上涨
2020-03-02,300167.XSHE,卖出,市值上涨
2020-03-02,300210.XSHE,卖出,市值上涨
2020-03-02,300588.XSHE,卖出,市值上涨
2020-03-02,300680.XSHE,卖出,市值上涨
2020-03-02,600355.XSHG,卖出,市值上涨
2020-03-02,600796.XSHG,卖出,市值上涨
2020-03-02,603090.XSHG,卖出,市值上涨
2020-03-02,603159.XSHG,卖出,市值上涨
2020-03-02,603320.XSHG,卖出,市值上涨
2020-04-01,002529.XSHE,卖出,市值上涨
2020-04-01,002719.XSHE,卖出,市值上涨
2020-04-01,002748.XSHE,卖出,市值上涨
2020-04-01,002830.XSHE,卖出,市值上涨
2020-04-01,002843.XSHE,卖出,市值上涨
2020-04-01,300106.XSHE,卖出,市值上涨
2020-04-01,300268.XSHE,卖出,市值上涨
2020-04-01,300313.XSHE,卖出,市值上涨
2020-04-01,300478.XSHE,卖出,涨停
2020-04-01,300517.XSHE,卖出,市值上涨
2020-04-01,300626.XSHE,卖出,市值上涨
2020-04-01,300733.XSHE,卖出,市值上涨
2020-04-01,300742.XSHE,卖出,涨停
2020-04-01,600778.XSHG,卖出,市值上涨
2020-04-01,600791.XSHG,卖出,市值上涨
2020-04-01,603580.XSHG,卖出,市值上涨
2020-04-01,603813.XSHG,卖出,市值上涨
2020-04-01,603829.XSHG,卖出,市值上涨
2020-05-06,000609.XSHE,卖出,涨停
2020-05-06,000663.XSHE,卖出,戴帽
2020-05-06,000679.XSHE,卖出,戴帽
2020-05-06,000835.XSHE,卖出,涨停
2020-05-06,000890.XSHE,卖出,戴帽
2020-05-06,002247.XSHE,卖出,戴帽
2020-05-06,002319.XSHE,卖出,戴帽
2020-05-06,300022.XSHE,卖出,停牌
2020-05-06,300092.XSHE,卖出,市值上涨
2020-05-06,300156.XSHE,卖出,停牌
2020-05-06,300210.XSHE,卖出,市值上涨
2020-05-06,300362.XSHE,卖出,停牌
2020-05-06,300431.XSHE,卖出,停牌
2020-05-06,300521.XSHE,卖出,停牌
2020-05-06,600212.XSHG,卖出,戴帽
2020-05-06,600235.XSHG,卖出,市值上涨
2020-05-06,600241.XSHG,卖出,戴帽
2020-05-06,600243.XSHG,卖出,戴帽
2020-05-06,600306.XSHG,卖出,戴帽
2020-05-06,600573.XSHG,卖出,市值上涨
2020-05-06,600898.XSHG,卖出,戴帽
2020-05-06,603076.XSHG,卖出,市值上涨
2020-05-06,603088.XSHG,卖出,市值上涨
2020-05-06,603330.XSHG,卖出,市值上涨
2020-05-06,603389.XSHG,卖出,戴帽
2020-05-06,603683.XSHG,卖出,市值上涨
2020-05-06,603991.XSHG,卖出,市值上涨
2020-06-01,000695.XSHE,卖出,市值上涨
2020-06-01,002071.XSHE,卖出,涨停
2020-06-01,002836.XSHE,卖出,市值上涨
2020-06-01,002857.XSHE,卖出,市值上涨
2020-06-01,002858.XSHE,卖出,市值上涨
2020-06-01,300090.XSHE,卖出,涨停
2020-06-01,300106.XSHE,卖出,停牌
2020-06-01,300330.XSHE,卖出,市值上涨
2020-06-01,300442.XSHE,卖出,市值上涨
2020-06-01,300650.XSHE,卖出,市值上涨
2020-06-01,600605.XSHG,卖出,市值上涨
2020-06-01,600615.XSHG,卖出,市值上涨
2020-06-01,600847.XSHG,卖出,市值上涨
2020-06-01,600992.XSHG,卖出,市值上涨
2020-06-01,603178.XSHG,卖出,涨停
2020-06-01,603329.XSHG,卖出,市值上涨
2020-06-01,603908.XSHG,卖出,市值上涨
2020-07-01,000691.XSHE,卖出,市值上涨
2020-07-01,000835.XSHE,卖出,戴帽
2020-07-01,002205.XSHE,卖出,市值上涨
2020-07-01,002576.XSHE,卖出,市值上涨
2020-07-01,002748.XSHE,卖出,市值上涨
2020-07-01,002921.XSHE,卖出,市值上涨
2020-07-01,300084.XSHE,卖出,停牌
2020-07-01,300178.XSHE,卖出,市值上涨
2020-07-01,300243.XSHE,卖出,市值上涨
2020-07-01,300321.XSHE,卖出,市值上涨
2020-07-01,300354.XSHE,卖出,市值上涨
2020-07-01,300592.XSHE,卖出,市值上涨
2020-07-01,300652.XSHE,卖出,市值上涨
2020-07-01,300721.XSHE,卖出,市值上涨
2020-07-01,600365.XSHG,卖出,市值上涨
2020-07-01,600599.XSHG,卖出,戴帽
2020-07-01,600671.XSHG,卖出,戴帽
2020-07-01,603159.XSHG,卖出,市值上涨
2020-07-01,603729.XSHG,卖出,市值上涨
2020-07-01,603917.XSHG,卖出,市值上涨
2020-08-03,000695.XSHE,卖出,市值上涨
2020-08-03,000782.XSHE,卖出,市值上涨
2020-08-03,000985.XSHE,卖出,市值上涨
2020-08-03,002112.XSHE,卖出,市值上涨
2020-08-03,002473.XSHE,卖出,戴帽
2020-08-03,002691.XSHE,卖出,市值上涨
2020-08-03,002899.XSHE,卖出,市值上涨
2020-08-03,300089.XSHE,卖出,市值上涨
2020-08-03,300210.XSHE,卖出,市值上涨
2020-08-03,300218.XSHE,卖出,涨停
2020-08-03,300540.XSHE,卖出,停牌
2020-08-03,300554.XSHE,卖出,涨停
2020-08-03,300716.XSHE,卖出,涨停
2020-08-03,300733.XSHE,卖出,市值上涨
2020-08-03,600156.XSHG,卖出,涨停
2020-08-03,600605.XSHG,卖出,市值上涨
2020-08-03,600714.XSHG,卖出,市值上涨
2020-08-03,600791.XSHG,卖出,市值上涨
2020-08-03,603090.XSHG,卖出,市值上涨
2020-08-03,603518.XSHG,卖出,市值上涨
2020-09-01,000502.XSHE,卖出,涨停
2020-09-01,000638.XSHE,卖出,涨停
2020-09-01,002144.XSHE,卖出,市值上涨
2020-09-01,002865.XSHE,卖出,市值上涨
2020-09-01,300022.XSHE,卖出,市值上涨
2020-09-01,300062.XSHE,卖出,市值上涨
2020-09-01,300071.XSHE,卖出,市值上涨
2020-09-01,300106.XSHE,卖出,市值上涨
2020-09-01,300152.XSHE,卖出,市值上涨
2020-09-01,300153.XSHE,卖出,市值上涨
2020-09-01,300312.XSHE,卖出,市值上涨
2020-09-01,300313.XSHE,卖出,停牌
2020-09-01,300405.XSHE,卖出,停牌
2020-09-01,300555.XSHE,卖出,市值上涨
2020-09-01,300588.XSHE,卖出,市值上涨
2020-09-01,300611.XSHE,卖出,市值上涨
2020-09-01,300654.XSHE,卖出,市值上涨
2020-09-01,300665.XSHE,卖出,停牌
2020-09-01,300720.XSHE,卖出,市值上涨
2020-09-01,600365.XSHG,卖出,戴帽
2020-09-01,603161.XSHG,卖出,市值上涨
2020-09-01,603580.XSHG,卖出,市值上涨
2020-09-01,603683.XSHG,卖出,市值上涨
2020-10-09,000573.XSHE,卖出,市值上涨
2020-10-09,002207.XSHE,卖出,市值上涨
2020-10-09,002667.XSHE,卖出,市值上涨
2020-10-09,002830.XSHE,卖出,涨停
2020-10-09,300029.XSHE,卖出,戴帽
2020-10-09,300084.XSHE,卖出,市值上涨
2020-10-09,300539.XSHE,卖出,市值上涨
2020-10-09,300549.XSHE,卖出,市值上涨
2020-10-09,300554.XSHE,卖出,市值上涨
2020-10-09,300743.XSHE,卖出,市值上涨
2020-10-09,600573.XSHG,卖出,市值上涨
2020-10-09,600766.XSHG,卖出,停牌
2020-10-09,600793.XSHG,卖出,市值上涨
2020-10-09,603177.XSHG,卖出,市值上涨
2020-10-09,603917.XSHG,卖出,市值上涨
2020-11-02,000593.XSHE,卖出,市值上涨
2020-11-02,002112.XSHE,卖出,市值上涨
2020-11-02,002295.XSHE,卖出,市值上涨
2020-11-02,002779.XSHE,卖出,市值上涨
2020-11-02,002858.XSHE,卖出,市值上涨
2020-11-02,002921.XSHE,卖出,市值上涨
2020-11-02,300254.XSHE,卖出,市值上涨
2020-11-02,300321.XSHE,卖出,市值上涨
2020-11-02,300421.XSHE,卖出,市值上涨
2020-11-02,300535.XSHE,卖出,市值上涨
2020-11-02,300553.XSHE,卖出,市值上涨
2020-11-02,300557.XSHE,卖出,市值上涨
2020-11-02,300619.XSHE,卖出,市值上涨
2020-11-02,300626.XSHE,卖出,市值上涨
2020-11-02,300668.XSHE,卖出,市值上涨
2020-11-02,300700.XSHE,卖出,市值上涨
2020-11-02,300716.XSHE,卖出,市值上涨
2020-11-02,300717.XSHE,卖出,市值上涨
2020-11-02,300736.XSHE,卖出,市值上涨
2020-11-02,603316.XSHG,卖出,市值上涨
2020-12-01,000573.XSHE,卖出,市值上涨
2020-12-01,000609.XSHE,卖出,涨停
2020-12-01,000691.XSHE,卖出,涨停
2020-12-01,000856.XSHE,卖出,市值上涨
2020-12-01,002098.XSHE,卖出,市值上涨
2020-12-01,002193.XSHE,卖出,市值上涨
2020-12-01,002321.XSHE,卖出,市值上涨
2020-12-01,002805.XSHE,卖出,市值上涨
2020-12-01,002848.XSHE,卖出,市值上涨
2020-12-01,300167.XSHE,卖出,市值上涨
2020-12-01,300268.XSHE,卖出,市值上涨
2020-12-01,600213.XSHG,卖出,涨停
2020-12-01,600235.XSHG,卖出,市值上涨
2020-12-01,600250.XSHG,卖出,市值上涨
2020-12-01,600257.XSHG,卖出,市值上涨
2020-12-01,600272.XSHG,卖出,市值上涨
2020-12-01,600379.XSHG,卖出,市值上涨
2020-12-01,603045.XSHG,卖出,市值上涨
2020-12-01,603159.XSHG,卖出,市值上涨
2021-01-04,000502.XSHE,卖出,市值上涨
2021-01-04,000622.XSHE,卖出,市值上涨
2021-01-04,000633.XSHE,卖出,市值上涨
2021-01-04,000782.XSHE,卖出,市值上涨
2021-01-04,000929.XSHE,卖出,市值上涨
2021-01-04,002199.XSHE,卖出,市值上涨
2021-01-04,002731.XSHE,卖出,市值上涨
2021-01-04,002828.XSHE,卖出,市值上涨
2021-01-04,300700.XSHE,卖出,市值上涨
2021-01-04,600605.XSHG,卖出,市值上涨
2021-01-04,600796.XSHG,卖出,停牌
2021-01-04,600883.XSHG,卖出,市值上涨
2021-01-04,600992.XSHG,卖出,市值上涨
2021-01-04,603037.XSHG,卖出,市值上涨
2021-01-04,603088.XSHG,卖出,市值上涨
2021-01-04,603139.XSHG,卖出,市值上涨
2021-01-04,603177.XSHG,卖出,市值上涨
2021-01-04,603329.XSHG,卖出,市值上涨
2021-01-04,603616.XSHG,卖出,市值上涨
2021-01-04,603829.XSHG,卖出,市值上涨
2021-01-04,603963.XSHG,卖出,市值上涨
2021-02-01,000691.XSHE,卖出,市值上涨
2021-02-01,000978.XSHE,卖出,市值上涨
2021-02-01,002159.XSHE,卖出,市值上涨
2021-02-01,002207.XSHE,卖出,市值上涨
2021-02-01,002760.XSHE,卖出,市值上涨
2021-02-01,002843.XSHE,卖出,市值上涨
2021-02-01,002849.XSHE,卖出,市值上涨
2021-02-01,002858.XSHE,卖出,市值上涨
2021-02-01,002899.XSHE,卖出,市值上涨
2021-02-01,002921.XSHE,卖出,市值上涨
2021-02-01,300321.XSHE,卖出,市值上涨
2021-02-01,600128.XSHG,卖出,市值上涨
2021-02-01,600793.XSHG,卖出,市值上涨
2021-02-01,600889.XSHG,卖出,市值上涨
2021-02-01,603038.XSHG,卖出,市值上涨
2021-02-01,603159.XSHG,卖出,市值上涨
2021-02-01,603356.XSHG,卖出,市值上涨
2021-02-01,603683.XSHG,卖出,市值上涨
2021-02-01,603721.XSHG,卖出,市值上涨
2021-02-01,603725.XSHG,卖出,市值上涨
2021-02-01,603917.XSHG,卖出,市值上涨
2021-03-01,002316.XSHE,卖出,涨停
2021-03-01,002494.XSHE,卖出,涨停
2021-03-01,002591.XSHE,卖出,市值上涨
2021-03-01,002890.XSHE,卖出,停牌
2021-03-01,300071.XSHE,卖出,市值上涨
2021-03-01,300282.XSHE,卖出,市值上涨
2021-03-01,300312.XSHE,卖出,市值上涨
2021-03-01,300619.XSHE,卖出,涨停
2021-03-01,600714.XSHG,卖出,涨停
2021-03-01,603032.XSHG,卖出,市值上涨
2021-04-01,000613.XSHE,卖出,市值上涨
2021-04-01,000692.XSHE,卖出,涨停
2021-04-01,000809.XSHE,卖出,市值上涨
2021-04-01,000856.XSHE,卖出,市值上涨
2021-04-01,002193.XSHE,卖出,涨停
2021-04-01,002207.XSHE,卖出,市值上涨
2021-04-01,002667.XSHE,卖出,市值上涨
2021-04-01,002857.XSHE,卖出,市值上涨
2021-04-01,002862.XSHE,卖出,涨停
2021-04-01,002875.XSHE,卖出,市值上涨
2021-04-01,002893.XSHE,卖出,市值上涨
2021-04-01,300640.XSHE,卖出,市值上涨
2021-04-01,600128.XSHG,卖出,市值上涨
2021-04-01,600156.XSHG,卖出,市值上涨
2021-04-01,600302.XSHG,卖出,市值上涨
2021-04-01,600719.XSHG,卖出,市值上涨
2021-04-01,603080.XSHG,卖出,市值上涨
2021-04-01,603196.XSHG,卖出,市值上涨
2021-04-01,603580.XSHG,卖出,涨停
2021-05-06,000007.XSHE,卖出,戴帽
2021-05-06,000502.XSHE,卖出,戴帽
2021-05-06,000609.XSHE,卖出,戴帽
2021-05-06,000638.XSHE,卖出,市值上涨
2021-05-06,000755.XSHE,卖出,市值上涨
2021-05-06,000929.XSHE,卖出,市值上涨
2021-05-06,002058.XSHE,卖出,戴帽
2021-05-06,002199.XSHE,卖出,市值上涨
2021-05-06,002248.XSHE,卖出,市值上涨
2021-05-06,002748.XSHE,卖出,市值上涨
2021-05-06,002760.XSHE,卖出,市值上涨
2021-05-06,002898.XSHE,卖出,市值上涨
2021-05-06,300051.XSHE,卖出,戴帽
2021-05-06,300071.XSHE,卖出,戴帽
2021-05-06,300254.XSHE,卖出,市值上涨
2021-05-06,600506.XSHG,卖出,戴帽
2021-05-06,600615.XSHG,卖出,戴帽
2021-05-06,600647.XSHG,卖出,市值上涨
2021-05-06,600766.XSHG,卖出,戴帽
2021-05-06,600992.XSHG,卖出,涨停
2021-05-06,603518.XSHG,卖出,涨停
2021-05-06,603721.XSHG,卖出,涨停
2021-05-06,603729.XSHG,卖出,戴帽
2021-06-01,002417.XSHE,卖出,市值上涨
2021-06-01,002890.XSHE,卖出,市值上涨
2021-06-01,300025.XSHE,卖出,市值上涨
2021-06-01,300069.XSHE,卖出,市值上涨
2021-06-01,300264.XSHE,卖出,市值上涨
2021-06-01,300282.XSHE,卖出,市值上涨
2021-06-01,300330.XSHE,卖出,市值上涨
2021-06-01,300405.XSHE,卖出,市值上涨
2021-06-01,300539.XSHE,卖出,市值上涨
2021-06-01,300555.XSHE,卖出,市值上涨
2021-06-01,300588.XSHE,卖出,市值上涨
2021-06-01,300717.XSHE,卖出,停牌
2021-06-01,300807.XSHE,卖出,市值上涨
2021-06-01,600156.XSHG,卖出,市值上涨
2021-06-01,603196.XSHG,卖出,涨停
2021-06-01,688215.XSHG,卖出,市值上涨
2021-07-01,002760.XSHE,卖出,市值上涨
2021-07-01,002767.XSHE,卖出,市值上涨
2021-07-01,300084.XSHE,卖出,市值上涨
2021-07-01,300270.XSHE,卖出,市值上涨
2021-07-01,300275.XSHE,卖出,市值上涨
2021-07-01,300554.XSHE,卖出,市值上涨
2021-07-01,300619.XSHE,卖出,市值上涨
2021-07-01,300779.XSHE,卖出,市值上涨
2021-07-01,600647.XSHG,卖出,市值上涨
2021-07-01,600778.XSHG,卖出,涨停
2021-07-01,600992.XSHG,卖出,市值上涨
2021-07-01,603822.XSHG,卖出,市值上涨
2021-07-01,603958.XSHG,卖出,涨停
2021-08-02,000695.XSHE,卖出,市值上涨
2021-08-02,002144.XSHE,卖出,市值上涨
2021-08-02,002295.XSHE,卖出,市值上涨
2021-08-02,002694.XSHE,卖出,市值上涨
2021-08-02,002748.XSHE,卖出,市值上涨
2021-08-02,002789.XSHE,卖出,市值上涨
2021-08-02,002843.XSHE,卖出,市值上涨
2021-08-02,002943.XSHE,卖出,市值上涨
2021-08-02,300163.XSHE,卖出,市值上涨
2021-08-02,300167.XSHE,卖出,市值上涨
2021-08-02,300553.XSHE,卖出,市值上涨
2021-08-02,300626.XSHE,卖出,市值上涨
2021-08-02,300717.XSHE,卖出,市值上涨
2021-08-02,300743.XSHE,卖出,市值上涨
2021-08-02,600128.XSHG,卖出,市值上涨
2021-08-02,600213.XSHG,卖出,市值上涨
2021-08-02,600444.XSHG,卖出,涨停
2021-08-02,600476.XSHG,卖出,市值上涨
2021-08-02,603045.XSHG,卖出,市值上涨
2021-08-02,603616.XSHG,卖出,市值上涨
2021-09-01,000755.XSHE,卖出,市值上涨
2021-09-01,000809.XSHE,卖出,市值上涨
2021-09-01,000856.XSHE,卖出,市值上涨
2021-09-01,002357.XSHE,卖出,市值上涨
2021-09-01,002862.XSHE,卖出,市值上涨
2021-09-01,002871.XSHE,卖出,市值上涨
2021-09-01,002898.XSHE,卖出,市值上涨
2021-09-01,002899.XSHE,卖出,市值上涨
2021-09-01,300321.XSHE,卖出,市值上涨
2021-09-01,300554.XSHE,卖出,市值上涨
2021-09-01,300606.XSHE,卖出,市值上涨
2021-09-01,600202.XSHG,卖出,市值上涨
2021-09-01,600796.XSHG,卖出,市值上涨
2021-09-01,603037.XSHG,卖出,市值上涨
2021-09-01,603725.XSHG,卖出,市值上涨
2021-09-01,603908.XSHG,卖出,市值上涨
2021-10-08,000586.XSHE,卖出,涨停
2021-10-08,000692.XSHE,卖出,市值上涨
2021-10-08,002207.XSHE,卖出,涨停
2021-10-08,002652.XSHE,卖出,市值上涨
2021-10-08,002691.XSHE,卖出,涨停
2021-10-08,002696.XSHE,卖出,市值上涨
2021-10-08,002779.XSHE,卖出,市值上涨
2021-10-08,002828.XSHE,卖出,市值上涨
2021-10-08,600719.XSHG,卖出,市值上涨
2021-10-08,600791.XSHG,卖出,市值上涨
2021-10-08,603036.XSHG,卖出,市值上涨
2021-10-08,603139.XSHG,卖出,市值上涨
2021-10-08,603320.XSHG,卖出,市值上涨
2021-10-08,603356.XSHG,卖出,市值上涨
2021-10-08,603536.XSHG,卖出,市值上涨
2021-10-08,603917.XSHG,卖出,市值上涨
2021-11-01,000929.XSHE,卖出,市值上涨
2021-11-01,002731.XSHE,卖出,停牌
2021-11-01,002826.XSHE,卖出,市值上涨
2021-11-01,002871.XSHE,卖出,市值上涨
2021-11-01,002898.XSHE,卖出,市值上涨
2021-11-01,300594.XSHE,卖出,涨停
2021-11-01,300736.XSHE,卖出,市值上涨
2021-11-01,600272.XSHG,卖出,市值上涨
2021-11-01,600421.XSHG,卖出,市值上涨
2021-11-01,600455.XSHG,卖出,涨停
2021-11-01,600476.XSHG,卖出,市值上涨
2021-11-01,600493.XSHG,卖出,涨停
2021-11-01,600605.XSHG,卖出,市值上涨
2021-11-01,600706.XSHG,卖出,市值上涨
2021-11-01,603041.XSHG,卖出,市值上涨
2021-11-01,603090.XSHG,卖出,市值上涨
2021-11-01,603721.XSHG,卖出,市值上涨
2021-12-01,002193.XSHE,卖出,市值上涨
2021-12-01,002890.XSHE,卖出,涨停
2021-12-01,300022.XSHE,卖出,涨停
2021-12-01,300210.XSHE,卖出,市值上涨
2021-12-01,300235.XSHE,卖出,市值上涨
2021-12-01,300321.XSHE,卖出,市值上涨
2021-12-01,300417.XSHE,卖出,市值上涨
2021-12-01,300539.XSHE,卖出,市值上涨
2021-12-01,300640.XSHE,卖出,市值上涨
2021-12-01,300665.XSHE,卖出,市值上涨
2021-12-01,300668.XSHE,卖出,市值上涨
2021-12-01,300779.XSHE,卖出,市值上涨
2021-12-01,300807.XSHE,卖出,市值上涨
2021-12-01,300836.XSHE,卖出,市值上涨
2021-12-01,600444.XSHG,卖出,市值上涨
2021-12-01,600647.XSHG,卖出,市值上涨
2021-12-01,600847.XSHG,卖出,涨停
2021-12-01,603286.XSHG,卖出,市值上涨
2021-12-01,603320.XSHG,卖出,市值上涨
2021-12-01,603499.XSHG,卖出,涨停
2021-12-01,688565.XSHG,卖出,市值上涨
2022-01-04,000023.XSHE,卖出,市值上涨
2022-01-04,000929.XSHE,卖出,市值上涨
2022-01-04,000953.XSHE,卖出,涨停
2022-01-04,002316.XSHE,卖出,涨停
2022-01-04,002357.XSHE,卖出,市值上涨
2022-01-04,002494.XSHE,卖出,涨停
2022-01-04,002652.XSHE,卖出,市值上涨
2022-01-04,002693.XSHE,卖出,市值上涨
2022-01-04,002816.XSHE,卖出,市值上涨
2022-01-04,002898.XSHE,卖出,市值上涨
2022-01-04,002921.XSHE,卖出,涨停
2022-01-04,300254.XSHE,卖出,市值上涨
2022-01-04,300553.XSHE,卖出,市值上涨
2022-01-04,600099.XSHG,卖出,市值上涨
2022-01-04,600128.XSHG,卖出,涨停
2022-01-04,600149.XSHG,卖出,市值上涨
2022-01-04,600202.XSHG,卖出,市值上涨
2022-01-04,600213.XSHG,卖出,涨停
2022-01-04,600272.XSHG,卖出,涨停
2022-01-04,600539.XSHG,卖出,市值上涨
2022-01-04,600706.XSHG,卖出,市值上涨
2022-01-04,603963.XSHG,卖出,涨停
2022-01-04,688501.XSHG,卖出,市值上涨
2022-02-07,000622.XSHE,卖出,涨停
2022-02-07,000856.XSHE,卖出,涨停
2022-02-07,000985.XSHE,卖出,市值上涨
2022-02-07,002207.XSHE,卖出,涨停
2022-02-07,002417.XSHE,卖出,市值上涨
2022-02-07,002828.XSHE,卖出,涨停
2022-02-07,002871.XSHE,卖出,市值上涨
2022-02-07,002875.XSHE,卖出,市值上涨
2022-02-07,002893.XSHE,卖出,停牌
2022-02-07,300330.XSHE,卖出,涨停
2022-02-07,300539.XSHE,卖出,市值上涨
2022-02-07,300700.XSHE,卖出,涨停
2022-02-07,600791.XSHG,卖出,市值上涨
2022-02-07,603041.XSHG,卖出,市值上涨
2022-02-07,603955.XSHG,卖出,市值上涨
2022-02-07,688156.XSHG,卖出,市值上涨
2022-03-01,002295.XSHE,卖出,市值上涨
2022-03-01,002629.XSHE,卖出,市值上涨
2022-03-01,002715.XSHE,卖出,市值上涨
2022-03-01,002781.XSHE,卖出,涨停
2022-03-01,002800.XSHE,卖出,涨停
2022-03-01,300167.XSHE,卖出,市值上涨
2022-03-01,300254.XSHE,卖出,市值上涨
2022-03-01,300553.XSHE,卖出,市值上涨
2022-03-01,300555.XSHE,卖出,市值上涨
2022-03-01,300594.XSHE,卖出,市值上涨
2022-03-01,300665.XSHE,卖出,市值上涨
2022-03-01,600213.XSHG,卖出,市值上涨
2022-03-01,600561.XSHG,卖出,市值上涨
2022-03-01,600647.XSHG,卖出,市值上涨
2022-03-01,600768.XSHG,卖出,涨停
2022-03-01,603029.XSHG,卖出,市值上涨
2022-03-01,603269.XSHG,卖出,涨停
2022-03-01,603316.XSHG,卖出,市值上涨
2022-03-01,603320.XSHG,卖出,市值上涨
